network_connectivity_state,acc_vs_loc,area_risk,time_since_last_successful_ping,gps_accuracy_1,gps_accuracy_2,gps_accuracy_3,gps_accuracy_4,gps_accuracy_5
1,0,low,39,14.770345555987005,13.329683464303027,9.751742047793956,3.0,3.0
1,1,low,18,7.662076246722382,12.921746109127042,4.057896274365725,11.532691243052756,3.6991601754730583
1,0,low,13,4.898052524624196,6.527782006322889,4.898240941546543,12.101427792481562,7.635157730796194
1,0,low,20,8.184541427628833,12.662824373921563,10.033127598387136,17.142618270962473,9.268778205001732
1,0,med,3,8.029291896756572,9.497023997437966,8.570431807302814,10.275803655383596,8.516613628199782
1,0,low,2,10.633765881715506,11.83236378599604,9.22757593562163,12.910218441006883,9.002109863102715
1,0,low,4,10.677379960566558,12.28136242050757,9.083772566354499,8.653192345093299,9.758000167008333
1,0,med,0,8.123133478400469,3.457936156754424,7.952892682212201,8.464091865124399,17.096825819492047
1,0,low,10,7.628164091828119,4.616527476966827,12.477008312634744,4.681519135298072,11.157570233701577
1,1,low,17,7.359823470832647,6.871235902837402,7.641215303382046,11.84154764338753,3.448054784041539
1,1,low,17,8.894109576030687,13.105882345557294,7.5014909544180775,7.763160956951051,11.948384030280998
1,1,low,26,8.300400395838368,4.354989606373831,4.581914843341601,7.73795601950588,6.4720727773311255
1,0,med,4,8.754658451424238,11.482771094121052,6.956678724210831,7.035877729496958,8.937599612441158
1,0,low,12,7.026760066161476,6.588354481046194,13.308938030891703,10.23391096324969,5.714984763493048
1,0,low,9,7.6255882413650005,3.6307654155323457,8.846806188020063,10.63842572873012,8.742912790976295
1,0,low,0,9.629769540946173,8.752673236761318,8.946129239782575,12.75837680276024,9.725277886967474
1,0,low,1,4.6411622306262865,12.77214413159495,8.981314905666249,4.355979189736024,3.0
1,0,low,19,3.0,6.5308464963157435,5.841991740913295,6.004553827043337,7.96495971428551
1,1,low,9,8.441555329815731,11.727654832284282,7.273326220690745,10.056798076703688,8.556583562391767
1,0,low,52,13.39890012141976,9.298111681694722,6.061669239316505,11.329074299479661,7.865103138522282
1,0,low,49,6.816227930692311,8.997416685980504,5.51457579429967,6.134243896376327,6.69185574768639
1,0,low,3,4.259200826017144,3.816510296656908,8.815149279810448,5.608152406268369,14.020208779809588
1,1,low,17,11.297679641050388,11.270884777896002,10.864614636100692,10.75388719382888,3.0
1,1,low,10,8.075703895893653,9.858848538120816,8.090529201393291,9.003276633146314,7.383599808485191
1,1,low,28,10.489670479160964,8.92788892871804,8.905522635975316,13.941110238038227,9.268238635486961
1,0,low,10,7.923694060614548,5.867215408136484,8.730351602222196,9.042656586859867,4.104739961597991
0,1,low,8,3.0,9.116863507929127,12.467888500775338,10.915408594214538,4.01140042817893
1,0,low,0,7.3327941070825835,12.951238883965775,6.465041685236711,3.0,8.445413505683094
1,1,low,11,10.033798438044471,8.525205245907822,13.320413878733671,5.258405822174685,3.0
1,1,low,10,6.366331754030698,8.646212129399455,3.39000260327483,9.342200708090758,6.768193717218162
1,1,low,39,3.0,4.397153102872077,8.297871603869293,9.352381272731055,9.696661190789968
1,0,low,60,9.947048560881385,8.632779577445904,4.206872186149881,13.69969442910977,9.847570483015033
1,0,low,1,5.3971357138541975,5.810384705863669,7.665660971022645,6.974958937346125,3.0
1,0,low,3,8.596629350886284,9.596923916666587,10.043420662267458,5.32643600371688,6.362835737971761
1,0,low,16,7.586804370444851,10.9583123084219,12.834901889147778,8.436763196467268,9.326023789286351
1,1,low,1,5.739144411474117,6.39065863485377,8.379304938623742,7.638734551824188,5.311039899610378
1,0,low,3,12.607055946717633,9.441376242971632,4.833960683565032,10.268651901174218,10.813572417229473
1,1,med,41,7.47689100128432,4.538249708461668,3.0,5.886627973427142,3.1738702547591418
1,0,low,38,3.659382901982566,8.088160572568803,8.914883036215706,8.72063523106143,9.80208821287156
1,0,low,2,7.543504307308322,9.064552984922152,12.569290487794685,6.665966540917275,3.0
1,0,low,4,5.185014688078141,11.000657326195173,3.860138917511004,8.689124801154003,4.699179108626221
1,0,low,48,7.473150740378477,9.300767388936478,12.611399622849373,7.489100771134786,10.155454771501265
1,1,low,3,12.687917521710482,5.447158850844081,7.8894507584092946,6.933684354942967,9.907143584003798
1,0,low,9,9.956229605336258,10.435980622041003,3.0,10.671998416832675,7.223059509146555
1,0,low,0,7.824111827123274,8.259779617370144,10.822773162037711,7.095010333379525,8.133729801372743
1,0,low,28,7.491744197080989,10.926299423474296,7.877527817609394,8.723603702080823,3.80978799405886
1,0,low,14,9.21884914911385,7.041555179534419,9.490646275329166,3.228097200387788,11.746395143302514
1,0,low,12,9.405870684342617,6.591846810797345,6.109074834783835,12.513804979695895,9.390064749185678
1,0,low,0,3.0,8.47084251923758,8.029279919014584,9.73759369959116,9.520848595654801
1,0,low,12,4.131000670079306,5.326328613111146,12.624140320105209,7.141537705665773,6.778729282184937
1,0,med,29,5.09494595228258,7.215349024033786,11.215647705067395,8.19639022210999,5.837293999879473
1,0,low,6,12.22944004062327,6.522871266364081,3.0,10.272663765600177,6.278507082711781
1,0,low,8,11.865828768643995,3.0,9.397473510362149,7.165128287002915,3.0
1,1,low,1,3.0,11.531968406284602,11.424454496041381,5.3040589167346095,14.282305042871094
1,1,low,40,10.135842374795535,7.358040561982867,9.082501900610962,7.469239272248788,5.972567312082946
1,1,low,14,7.699151655771885,6.605921161432632,10.175943491296339,3.0,7.661449162549457
1,0,low,8,13.047063938615885,10.697221226951703,4.526181994605061,6.663210456977666,12.278511221487381
1,1,low,11,11.70804360588298,8.134968968506556,10.211618282279446,6.178348397246685,13.181105095273706
1,0,low,12,5.930657573798663,9.820347919457932,4.520740602056536,5.681924403778189,7.000311498773346
0,0,low,39,7.071898034263535,6.602822767414742,3.0,5.691014071285216,11.293723694973913
0,0,low,0,5.773863718684649,10.759699393240382,8.226259186267143,6.5154792846911445,7.1788888829591935
0,1,low,7,7.073326433159202,8.771142716162393,9.151473319580798,9.631256020699489,7.0908754514736625
1,0,low,30,11.946171068696138,6.509230986147871,12.4064508772347,7.562090716352144,7.445542327995614
1,0,low,5,8.60473247506223,12.40982683070041,4.2497501949777385,8.152435293659606,4.126316454650135
1,0,low,8,8.465824651956675,3.0,7.256136376227438,10.581259670047162,7.199730130938601
1,0,low,30,6.873213187255356,3.0,11.89600816447721,9.325436817282942,7.645127526251819
1,0,low,6,8.482053580654613,8.092117020762217,7.483288914515419,7.706688048524185,3.3061415644689838
1,0,low,1,8.75659329635879,6.413933732226022,11.882381809024778,11.682597405737098,8.272066326516262
1,0,low,6,6.736856712661832,8.666408946354498,13.858258165544239,9.039527280875891,5.9358858009441935
1,0,low,7,9.961243253918814,3.7338517443897326,6.789608834219793,9.126279152969252,11.137551192400263
1,1,low,15,3.7868932474364616,5.638919828497061,4.122284173048036,8.536566028146513,8.884335714733604
1,0,low,3,5.201597146911987,14.743252935994544,8.325326839795652,6.26960482180272,9.069554713749264
1,0,low,4,3.283577987498239,7.4395580150284895,3.0,11.594138271981011,8.928359543430402
0,1,low,47,5.502928704582738,12.461202961421602,7.262696117427275,6.383117897780208,6.9383166013690705
1,1,low,26,6.6096193229862665,11.270613435268782,9.0328926083109,6.587559894908001,6.915339455344273
1,0,low,16,8.804161639119883,9.584838147734732,10.207465859899555,5.3364723094273225,7.173224125260168
1,0,low,5,11.481888714557886,6.962948113868114,9.653392986106152,3.155542376920879,9.425395621338554
1,0,low,12,9.490596620722883,3.0,4.077677323601776,10.076402880125158,5.241501163270836
0,0,low,0,6.255424609336666,7.106834946290482,12.544265322342042,9.488933578310693,5.1779698564065
1,1,low,30,5.491943820100425,9.418689476299042,4.533177894488293,15.195003072039313,4.853718400876432
1,0,low,17,5.59335022126078,7.915862844133955,7.709462906331457,7.755700704059245,10.951695635420545
1,0,med,3,3.0,10.651375765348423,10.440751395525654,3.0,5.51403430296705
1,0,low,13,9.098789541439546,5.611271452598972,15.337024356445596,14.714999743168596,6.917084354163398
1,1,low,24,10.242204487121494,3.0,3.4211485029691193,6.513102983901251,8.949388957292618
1,0,low,2,8.573859166441334,12.768102230085937,3.892031759657609,13.611612064733858,3.2651737234297205
1,0,low,31,7.227092686937596,9.964980052921298,9.685730721356519,8.828575746222599,11.77486128170887
1,0,low,9,8.956745708474225,5.6211942831517,4.874486475861129,3.0,8.064203118184452
1,1,low,10,8.168385869942083,3.0,10.15789727590101,5.6329945709247795,11.162086070649009
1,1,low,32,7.347266260008173,11.605533946928452,6.116543080793531,10.170821166829533,3.0
1,1,low,2,10.421892122020758,8.456936004260749,12.34159182683004,5.177321871411265,7.50061649040953
1,0,low,1,9.965395151477987,10.45267351087032,7.882993387277014,4.593910935010975,12.523432701898797
1,0,low,2,9.536560143922753,6.256355506957978,12.073291123934613,4.231813436914496,6.441917506669569
1,0,low,15,13.521866400201837,7.411692929080159,5.00962674609192,3.060802965228291,6.9049568263945575
1,0,low,22,7.790774344126835,9.082142770637601,8.357621098584046,3.160601794756041,6.677535777317298
1,0,low,5,4.411647306964581,7.171474331149479,12.328830332102605,6.083657144101074,5.543907932711512
1,0,low,39,7.569924653808429,4.902445297037778,8.61805936961129,7.346980007038967,6.357191578424108
1,0,low,2,7.134365751392763,5.753403721565575,5.467589866783861,7.526918831243273,10.581098317941247
1,0,low,15,11.882518508633556,10.056934762474658,3.0,8.996911698087704,9.741185927818506
1,0,med,2,6.1914525473565005,6.994773559508237,10.88917823187365,11.125562883931288,8.117681301979262
1,0,low,2,8.997873216562231,9.940094421037875,8.937660911110068,7.928020359110538,8.50767203821415
1,0,low,11,3.0,9.19715158351362,5.862527122042971,3.0,5.896034417582431
1,1,low,11,4.131131826710244,12.902276818306737,10.29461905663279,3.0900242918825525,7.711070234302904
1,0,low,28,11.351629595158949,5.5859991637653525,8.222409831003427,10.360934425326114,10.504877051715566
1,1,low,13,7.918205690809073,12.046107870136685,6.172843559629021,5.1181694216916895,6.522520096719726
1,1,low,23,5.0530368145428,5.091873814114308,4.8776898349652145,3.9617660654273195,3.0
1,1,low,1,8.42398809007246,6.29084752772754,5.094392861224584,8.952129340808138,6.477137571362524
1,0,low,8,9.620118036491203,9.499666647028763,9.002348902131052,9.75836324006369,8.353204255468956
1,1,med,2,4.737332467457682,10.886765620058856,6.423266049057406,5.348823473371963,9.357782931472935
1,0,low,3,9.422253076163086,7.7077615691766175,4.944088505740443,3.0,3.0
1,0,low,25,10.531811372134653,9.810958403034329,8.914605665904189,8.185242041610556,9.029682392542433
1,0,low,6,8.25202289295085,6.580337974755651,7.622686389228029,10.49152767401361,6.5861244626351665
1,0,low,34,9.181785014308696,8.265105283268625,10.571619504580434,10.879607449566583,8.182457332272916
1,1,low,2,6.808547070442632,4.146015721061462,8.809957118466832,10.983711334732293,7.048728072672155
1,0,low,59,3.8086509787727687,3.723570458363474,8.555158813775396,7.341681087201622,3.977293637619
1,0,low,21,8.718147691157249,8.359494735893119,8.107591895345605,8.722297445134378,9.88485789803434
1,0,low,41,6.0385082892555655,9.138522772622679,10.74343175489958,10.483324971086969,5.408612064118473
1,1,low,53,8.64959722925592,13.211368938719112,9.600180723257457,8.93563858227276,7.842323820489318
1,1,low,1,9.474182294936414,11.52667261002926,3.0,9.670370228295251,6.345946105461314
1,0,low,6,6.141912099466873,6.988144396877312,7.024008957065565,11.382799775166,6.447071015954334
1,0,med,20,6.86159908506712,10.374116439565338,9.514861790619731,4.977825989167759,10.602832604917037
1,1,low,2,9.955782645107949,14.138106549063433,11.847928507375114,6.890257078190066,8.683596920645277
1,0,low,24,6.319716063573239,7.268628406355189,10.400846789238141,6.345994023811945,15.82308716102262
1,0,low,24,7.198231496663148,8.387582418316585,7.785975757218982,7.749246815042026,7.467381433404021
1,0,low,22,3.375990128916701,4.272873330730563,11.134334815980864,7.6406067467274354,5.7792147131898455
1,0,low,11,8.755061466008224,11.601658527342472,10.075423679755836,8.13077324865945,8.127127794777794
1,0,low,20,6.097864680142779,10.511576793868297,10.105834127491246,7.658120184792704,3.9230562178795045
1,0,low,32,10.942883191728821,10.20418315553744,9.299727679293591,3.5827705808017027,6.518728939130057
1,0,low,0,10.18203785814443,13.410483480113514,11.155818300450068,6.269639629213569,6.965419243788462
1,0,low,5,8.054860347209317,11.576418446509239,10.095783378415595,9.299556888523027,5.646882740656876
1,0,low,10,11.842776173038875,9.234234954131718,10.027934560978316,5.133407131877754,13.038753988407795
1,0,med,0,7.1853775590054285,11.744899837017739,7.159711477729809,9.22520548361557,9.679167371924706
1,0,low,5,8.247550804339625,3.0,8.721875059318517,8.837224573046605,4.733520293015024
1,0,low,7,6.170214289811988,4.907671150789275,4.525686438655676,14.183770728419638,6.019574979822801
1,0,low,2,8.085360493606453,7.145576994984294,8.573211657352944,3.3286604235738873,3.7859196905510704
1,0,low,7,5.595378794568469,8.142149393516078,10.208036136902761,7.222311422855652,9.401916507095628
1,0,low,8,7.30053695806344,8.358977152024561,11.771936176224473,11.706946865156933,5.234945741762129
1,0,low,13,6.78353580983961,6.015045389038697,8.213134220890016,7.492396678650786,10.208316349172701
1,1,low,15,6.337551862504483,7.731805363731889,6.533823644319478,9.807366343653245,3.730971267888515
1,0,low,16,12.832987286450365,8.799147241948189,7.256242280732185,3.0,9.895265507335901
1,1,low,17,3.0,6.6640637933232,4.475148575595792,7.701701166026118,15.877380012562508
1,1,low,3,10.210570926626977,7.308454009296224,9.187277195202284,5.429413146384556,10.219862788130017
1,0,low,3,10.471522362133646,10.717927420922479,12.237453133251119,5.949954625660128,7.151684449067629
1,0,low,3,3.0,8.151864177968772,3.0,9.83024971549493,7.2090194642923695
1,0,low,4,8.050381779728275,3.0,6.557402338423467,11.618912585232712,4.601807419146555
1,1,low,15,9.259221013671773,8.757413030619391,11.4586143658234,9.422149576295052,9.127491303237901
1,0,low,9,6.758588043364751,9.121298627523876,6.868438083220024,5.1837517106025235,12.943053996637131
1,0,low,15,3.0,9.81941639932773,7.9395814511912075,8.654415332857917,12.634040884385609
1,0,low,9,9.169368537993115,10.663642697170499,11.289533653974292,13.546052429813125,7.712571851990204
1,0,low,37,7.737415423214277,10.588047721656237,6.038373385526473,5.103145318452958,7.343339748874929
1,0,low,28,7.7796678672734,9.05419037572703,3.6799220707880345,5.9361705317334446,6.724589419393293
1,0,low,28,10.897797115778054,13.802068649408188,13.851909987807034,9.898479164221834,10.273283526166459
1,1,low,7,13.850860471210556,7.296160011669305,8.998906514564625,13.017497271995623,7.2925908712919645
1,0,high,64,8.105395761958615,7.955782189178087,11.070023016966404,7.330164422567708,14.03168733020297
1,0,med,5,10.237442413080185,8.971189065321473,5.723419363432866,3.0,8.158302781541366
1,0,low,6,6.90559186799172,3.0,5.555695231661979,7.503658848677656,4.017891469999998
1,0,low,15,7.978447976241075,6.638702459990286,8.07946306987146,6.503643530780275,10.576041745388231
1,0,low,18,6.976952312684247,12.660268820841875,4.907952811751799,9.347102762173245,8.96106963364314
1,0,low,16,3.543959234201007,16.708657917989555,8.282422911481959,10.482878979227035,14.87706639864515
1,0,low,6,15.376963929312085,8.270772856371101,7.285264979252584,4.518743209616816,5.339753801601824
1,0,low,0,8.925610913463709,9.283466001393805,4.473658236934859,8.478959092034671,6.766244165265435
1,0,med,1,7.707115635932069,11.730008955313458,3.0,5.369923997739404,14.74258927220535
1,0,low,21,8.435400769165172,7.563532018059285,4.71240128892108,10.482286524818065,4.03740695054684
1,0,low,7,9.88924661977506,11.654480070022052,10.960030437478263,6.06472481508114,8.185558726062997
1,0,low,19,9.166489605338079,7.498741793380533,9.093906460101707,9.19748731515622,9.073904135853128
1,0,med,3,16.656470918107388,9.053383332680461,3.0,8.332559598441405,8.306307458080884
1,0,low,1,10.597984173385974,13.133296077459747,10.865999948661209,6.09957014450748,8.597870573751985
1,1,high,11,10.978217141444699,7.3964415689496805,9.51510360681735,9.6814753126058,5.484781017118162
1,0,med,15,11.107973602716521,8.914720612095305,8.60652878867564,6.8757894174044685,6.876091686824332
1,0,low,16,15.589192318897368,11.876593413369829,7.6695520786392954,9.016760015874523,8.821736709418863
0,0,low,3,6.302510033370339,5.378673948703469,4.316051657086822,11.022337871045544,4.486264928444683
1,0,low,7,14.230003873897587,10.441305119686664,6.076054155802985,10.97521243505812,5.496895514039226
1,0,low,45,8.201688356181714,4.0262140412533265,10.528483757146933,11.922965272916226,6.57649543417971
1,0,low,22,8.326958248043441,10.18462818387934,8.752721190189806,6.7520475566742935,12.752998809082033
1,1,low,15,3.7200735737805335,10.511221437036802,9.01590655175468,3.0,8.285549786245783
0,0,low,20,5.5853702792922935,4.394041356038118,5.0512327215620125,10.773473424315352,6.617356717978526
1,0,med,1,12.355832052156748,7.173324180337774,6.30661288538875,9.52628514205434,3.2580792028616123
1,1,low,47,9.2309527900329,5.247816330114276,6.149670600919448,8.56177177480868,3.0
1,0,low,6,3.0,7.652920256719784,4.913579013484343,9.974982923622113,8.372919461457144
1,1,low,1,12.312207576526625,9.599380347903221,9.939693035129837,5.713470870380961,3.0
1,0,low,3,7.1462181740298885,3.0,3.0,11.38536040954503,7.56828215208495
1,0,low,44,6.906833460938595,9.842142238704714,9.387100359949455,11.432002896287731,17.534555364490913
1,0,low,14,6.8680257304600065,9.949859624066633,7.043668666903997,9.705954491067034,10.339955001167683
1,0,low,11,5.963347135599038,4.089856412705719,8.378471124097922,9.578152752961595,10.766475849165001
1,0,low,8,11.017654389298032,7.556800533268208,5.593196734919344,5.864951554803495,13.256416760904507
1,0,low,3,10.80047669293538,14.51686804920918,9.823086832065899,9.33460797881856,10.44670911633417
1,0,low,16,3.865951863285157,3.0,4.103631041742863,6.2494115420124405,7.669542796856645
1,0,low,10,8.989545563326963,5.870656532944755,14.899355276091498,5.4502198863741125,7.160064798770661
1,1,low,29,10.053224211332257,6.722287133209482,6.714123060317605,7.753086140977816,12.186295363428721
0,0,low,14,6.404605528273846,5.963520157836977,10.46187369112867,6.109346417666038,3.0
1,0,low,5,9.656703467869868,4.824861067634359,7.857488577601821,5.938053747092388,16.615286072425032
1,0,low,10,4.685517525505783,9.11435971191176,11.805557504438347,14.555696897388662,13.274758887415643
1,0,low,9,11.415439964201255,5.29789014283639,3.5838268349531495,8.622601650094474,7.7975369761909
1,0,low,18,9.129015781368022,4.333811749442317,6.191124071298706,5.159957414846129,11.226604861945574
1,0,low,2,9.315915936977024,10.640635981146948,12.511303463673007,8.974288376793487,7.938964541492281
1,0,low,50,8.425960793731095,11.26834482209619,4.899261944376279,7.66282939066057,3.0
1,0,low,10,6.501117011092523,9.945021678135909,7.308308270329093,10.392622600949318,10.096822085973995
1,1,low,12,3.4305925998470075,4.4321812606152715,7.920215844580331,12.150962630878233,3.0
1,1,low,7,7.548565813558218,11.178299303732572,8.333463097638095,6.330776541490864,6.338044406359526
1,0,low,11,11.188022530039405,3.5467888907500544,10.856108606740762,5.308195218624643,5.923001010081725
1,0,low,22,9.033207098687123,11.611541664594345,9.739935848880073,8.81427762211784,8.386342365497741
1,0,low,19,8.992387209425514,9.604731595426442,6.351137886018852,8.953577530651863,11.032200219949003
1,1,low,2,10.047230847783553,6.10832232470025,6.80928985757933,11.028469273642337,10.907232209088042
1,1,low,18,7.1280750967012505,6.569376366063979,16.71027516994066,10.822082148678165,6.780833307369979
1,0,low,2,5.1475478212923385,8.357270149520804,7.31072218510046,11.157728611193097,16.444322834409867
1,0,low,5,16.202358128711527,9.12502729156502,10.332173703579524,9.254452970710725,16.45140403274058
1,0,low,14,7.006722357120297,8.874482284814473,10.270527364881069,18.011762227604386,3.769487278565025
1,0,low,5,8.117026269498012,6.680302022656705,7.073799868702507,17.8467101510718,3.4213511019651976
1,0,low,9,9.121360312194966,10.319876506417874,7.951594781483134,9.077960486906502,9.751171087827844
1,0,low,33,12.806912841927721,9.994747570844297,9.647011580410693,8.103937081401414,12.006440429289182
1,1,low,21,7.374824846682783,9.781992920381084,9.560907478514729,13.42271561270995,12.568069312060096
1,0,low,11,6.12791955757061,8.937282888492772,11.88129829964526,9.028325531497083,11.008978739299415
1,0,low,2,5.999195464201284,9.622385667404862,5.1393325124940805,8.520486205447488,10.41882385027774
1,0,low,19,11.949628900847635,5.514081395055191,4.693978902289405,9.207535649708362,13.966009322867368
1,0,low,19,5.057418589120093,8.932372749695132,9.923430680776184,5.279028959990632,3.0
1,0,low,30,6.33018861585389,6.280469311234459,6.670991764999048,3.242559097041477,3.9718208067139242
1,0,low,14,11.058910710235164,11.17229724384802,13.167782366682731,12.550385938553276,5.818876399767028
1,0,low,23,10.287034782407067,13.29353798745909,8.900242987822239,6.58610623880108,3.1250538914874175
1,0,low,4,5.612597484248067,10.266717676184877,10.744178077121337,3.950096630647977,5.189077597789154
1,0,low,0,5.313496408101994,9.0228714432006,8.581421571821023,9.19598882456095,7.012826804488483
1,0,low,10,8.06876242237471,9.576039531670041,4.3232096061068255,3.3436774822861386,6.727591945515295
1,1,low,0,13.584771283448037,10.337517011785543,10.145222971330407,10.913795640780643,10.910698131521546
1,0,low,5,8.413668050396838,9.271108371025862,3.0,11.409748466159543,10.34307873866586
1,0,low,17,8.901639491828584,5.686490760177481,9.920275211220723,9.618842980105985,8.036665407114223
1,1,low,1,6.544284815689501,13.07791240511282,6.790125047233606,7.208929758549139,7.887475301826633
1,1,low,21,13.880186485496578,5.460636383039172,9.030503571772295,10.387579183306878,8.37597361429897
1,0,low,8,3.763019843098159,5.468936543854496,6.003139590214523,6.863802116295911,7.090294298852285
1,0,low,0,10.116906161174539,8.32554059992359,5.932074928828363,7.4363411025593535,10.407509966384783
1,0,low,5,14.049684270002667,6.957191624548692,15.353375089120409,5.581188068714337,3.0
1,0,low,9,11.106405385040155,9.480388153430587,4.469894151505322,9.84856870052008,7.319915155088083
1,0,low,29,7.311770127564582,3.0,7.4301130380929505,9.142366905460904,8.36779527883231
1,1,low,0,6.629071618054626,5.58016166756059,12.546860974037786,6.9460744633188405,5.449033817061496
1,0,low,0,4.3188605250972305,8.750190511434376,6.569311158360369,4.33560693825929,6.528491423300283
1,0,low,12,3.0,8.09784622570275,11.54301697419805,10.28464248838675,3.8699043145729846
1,0,low,1,3.431058434841317,3.4349400878121514,6.272440955251625,8.452951017908832,13.704983260534435
1,0,med,47,7.3902748793509225,10.43420034682892,13.029793276871219,11.597634964095253,7.298450873751593
1,1,low,28,8.91687693767623,9.392780901529772,11.88814012566516,9.790476563381427,7.391886689219319
1,0,low,42,4.980468164533208,8.968894947970616,7.533075406540068,9.672315218253951,11.247330942236768
1,0,low,9,6.939320557619883,5.630597042848738,11.568454099990884,9.82412792480249,6.786989060572558
1,0,low,9,3.4231050370904565,10.312551608954413,5.504364012967643,11.722914404765717,12.128860645790427
1,1,low,2,8.20295619873045,8.062636581125394,4.107595501008401,10.738213199643623,14.131102075876784
1,1,low,37,4.026131662802394,3.0,11.93945013558504,8.147018745689797,9.49834327210717
1,0,low,0,4.2811768073872845,4.296559522503621,8.640453801084305,8.691892943469608,10.007798755459827
1,0,med,4,8.25686976325165,6.46558014736906,8.254401477333271,9.584078404058106,6.3381648470410195
1,0,low,10,7.074834352163445,12.964024675380598,4.07855472631359,10.833884353248438,10.802808559172671
1,0,low,29,3.1940947229557644,9.278383372651913,8.416562226060057,14.658382711538227,9.759774792369527
1,0,low,24,5.527109952927761,10.53801742936347,7.2075415878789295,10.4291166046929,5.963549164516364
1,0,low,2,4.0136429191270055,13.181613774003475,7.569922054343713,8.243513048745797,5.920956313754675
1,1,low,2,7.35056730656289,6.584157740098268,6.8853274449936075,8.854361884025181,12.114773880163622
1,0,low,4,9.134088045314709,9.133476409495543,8.69401565396254,7.994505769638197,6.645166236516918
1,0,low,6,14.87671367992068,8.930193393152557,4.618041570626438,6.348374266037308,8.649690509694482
1,0,low,0,7.567769815017204,11.46043879033381,10.978500995499983,6.5145467039673015,7.819943138361935
0,0,low,87,3.1307715861240544,7.112628457981448,5.152879288430267,6.183196447864685,4.902627611509491
1,0,low,8,7.16423103591237,12.769454472879797,10.331669208536747,6.0240518077517615,12.734775228735387
0,0,low,8,7.174766954511461,6.052223369796636,15.532676243564834,3.187866877141821,5.622153139836821
1,1,low,14,9.049533660784977,4.725999589312083,8.658439128539424,7.998324437803334,10.001953602351932
1,0,low,7,9.697520474272343,9.88481658637417,9.75606781529782,5.771978248868735,3.0
1,0,low,4,7.824364904784045,10.585303430431956,11.224565491482823,9.812764837699202,9.217279623270464
1,0,low,45,9.711091903671141,9.046124143119005,6.4520996657569825,4.942817809047216,9.536735333276638
1,0,low,15,8.020733294022257,6.616341945674933,8.176848594156763,12.282454758971372,9.571597205762961
1,0,low,18,8.767563855107046,4.4614214505957825,6.635306700545576,6.2664517134892215,10.043971754708874
1,0,low,20,7.123163012407646,6.143434418859484,6.981317961319756,6.397098367362536,8.000657226686299
1,0,low,5,4.912698170801392,8.44552934260244,4.280387698939754,7.965602189333668,4.315382977156408
1,0,low,16,4.1972537719124094,16.14654318941746,8.165194411928056,10.657924816703416,10.004888420927504
1,0,low,11,8.239946973482425,4.442537388705929,11.154761001807803,11.671932492980902,9.10349879136858
1,0,low,4,6.7179150021080165,11.30045585880184,4.474747934995952,8.637194111527764,14.443202830864399
1,0,low,2,9.339559067212013,11.09506770246556,3.721341959148936,7.786133473546179,6.362184733814166
1,0,high,32,4.20884809659404,9.785067280327942,9.278935831205953,12.795259175800545,10.45327132468428
1,0,low,16,9.706974407944497,7.857685553204415,11.68705718500901,10.74062820403834,3.0
1,0,low,27,12.815719182758858,13.71874764348416,3.0,6.760685111936618,7.279893720436209
0,0,low,1,7.573767319355565,12.989053102297987,4.066194071827606,3.0,6.907756161071033
1,0,low,32,4.840118834594716,10.567971339106741,4.869806384274316,12.403671724401812,8.064373900832297
0,1,low,29,12.885631439005287,6.349946843309781,14.374325073826547,13.167752429111902,8.466461164086263
1,0,low,13,9.328454426615002,11.935787300423275,3.1194209916151854,12.6544002097517,12.513762340858346
1,0,low,13,3.0,9.737823405316007,7.541562130837859,10.716606734254185,7.570800330215883
1,0,low,71,4.085213387452981,9.245582025173768,5.639059225594442,5.389915185247117,9.138612030088286
1,0,low,13,8.478815356783908,10.082083586827148,9.282988077996668,7.067108880741314,11.085930410886306
1,0,low,1,5.881481485919684,8.96654431963006,3.0,7.684630520806324,8.62525479778264
1,0,low,6,8.008610247107297,7.172365183954246,8.729822933916369,5.616608634324502,4.730751519036586
1,0,low,11,7.8796465486897205,4.227430865608325,9.038054536872915,10.139392912220622,10.88404277087008
1,0,med,10,9.532346161583064,7.968905048752392,3.967886134809943,5.121129795105112,6.889955741158299
1,0,low,8,6.83229502219157,9.53569259968778,7.19763128414813,10.106068211416858,9.725366668426837
1,0,low,3,7.835469625250093,8.933353127201626,9.745277257498886,10.216327986078552,15.576660647838384
1,1,low,0,4.338865316676114,6.61542911697222,11.422396158383673,6.120073682158962,8.820274075437482
1,0,low,37,9.939954856558266,10.81705276558877,4.125138203377976,8.213069268275525,6.419502839424389
1,1,low,10,6.97337253167809,7.105471687663206,8.801435786042546,10.517273682031414,11.181774431305078
1,1,low,10,3.0,9.131612795128799,3.0,9.748276009919598,6.782806193317651
1,0,low,20,7.711044476656543,6.7269400133993615,7.051487140562554,12.126768655063948,5.507818884285229
1,0,low,4,7.5713014540299035,11.109337399654784,7.2686349058731485,8.376986183164604,4.8991697370415626
1,0,low,14,6.2280186772840995,8.216846240977745,8.076741760520186,10.83942727798337,7.4050370502646174
1,0,low,17,14.469794447381647,7.652551470827759,7.428908910361215,13.012950737006772,7.188628069239789
1,0,low,0,6.525787819593846,9.718593882450346,6.600207931083597,7.366183489741174,7.5899762640041795
1,0,low,3,8.776623861980926,11.273669381243858,7.08498929428429,5.422368155630105,12.797026111717301
1,0,low,1,4.653497930003608,6.01806366358209,11.211441471115588,4.886411785083798,7.0023230122381115
1,0,low,1,9.201249010750184,8.152465931121622,5.539127009416515,3.0,8.294303424175958
1,0,low,4,9.15442249118577,3.0,8.722192501560366,3.174302480754342,8.029182770902242
1,0,low,0,3.056856264268335,11.011904394153182,5.421385113318901,9.326150672478533,7.682767314017219
0,0,low,19,11.816070655372393,5.939108415849307,5.758456380124107,8.254053335747251,8.565739279485376
1,0,low,4,7.84857614094382,5.110292981355633,3.1942182529314316,10.678342669140365,7.102901436670128
1,0,low,20,3.935032923227398,12.132585882056976,9.675531782210207,7.21838298897706,4.1721094309177875
1,0,med,18,7.831499936715802,4.836435533867716,3.1262286214867068,5.273419460257266,12.615263723782778
1,0,low,1,5.654599017323392,11.982140340601019,8.781790165499103,9.755761950710053,3.2911192184299214
1,0,low,5,5.666732005328109,8.598619585823787,6.5611405702695915,8.539585776867014,11.328852579336102
1,0,low,12,7.160211756245112,3.918779057049753,11.545583084713673,8.252952246768507,6.116678290169279
1,1,low,28,6.6886430072539795,10.080053688193878,3.0,10.723993401005021,4.207182367879908
1,0,low,39,8.436426909609565,8.491246160837425,7.804004249431818,10.75065878913658,8.33920010306345
1,0,low,17,7.743174581226887,4.693804054376584,3.0,12.734992845106651,6.075493983780412
1,0,med,3,3.841568725728706,5.984571345211821,6.321323986381355,6.68985355766844,9.996887815643314
1,0,low,1,7.539663227418381,5.209050903903519,6.092354732354288,7.1775518535246405,5.948328999401859
1,0,low,12,5.006122121577055,12.890046841425441,7.2657254466362815,8.772780384571057,10.770943954603862
1,0,med,4,7.480670800969771,3.0,8.345650152619905,8.727964516781572,7.784886931898166
1,1,low,1,13.213649630856427,6.63542644973545,12.169734409420478,12.707004233786396,11.797486978644848
1,0,low,11,10.246107433478961,5.653383394194464,10.32285182038483,9.019398593507532,8.108914328574857
1,0,med,1,10.21413840354531,7.870675609313087,6.018660768229386,5.228233178084047,12.092778525518302
1,0,low,12,10.44054440159572,5.470243663774818,8.611980210980436,13.112892231149122,9.292156680618335
1,0,low,3,6.092784755332418,3.0,6.8555376552591305,8.029195506326541,12.417825292647123
1,0,low,0,4.924753798304803,4.7585171143130145,9.28832524757372,11.1725186425177,9.18008732890453
1,0,low,3,8.614026253873678,10.005995815460997,9.850264283912253,8.4899502801742,10.078594875848319
1,0,low,6,3.0,6.657208592320519,5.233179391199466,4.817303812214952,12.537064387949584
1,0,low,7,5.379304085856251,8.49156226460554,5.547719942570939,9.255230648329213,8.950190630016314
1,0,low,0,5.559916953816387,5.308390753214703,9.77516697777148,8.3986645587256,8.538574346369348
1,0,low,14,9.222449320556127,7.761209658145068,6.702233220196728,9.43480225718162,7.556294951874465
1,0,low,15,3.0433282637289922,10.276777240914582,7.006718055323917,8.075246058809197,9.516404032023239
1,1,low,1,6.391601820280499,6.793826143863659,11.04718807174832,9.157293741879807,12.52123467346728
1,0,low,10,3.0,11.137051066725814,9.929760206948698,4.441394193108462,6.664965506784076
1,0,low,32,6.755777901680326,6.04344580140649,4.976157743785799,10.058705821620038,9.343146056258082
1,0,low,22,9.125622050955037,7.478067911696276,8.276541589152899,8.89192003667614,3.9757140968029034
1,0,low,0,6.203200670612549,8.354484575648765,3.0,8.18761967824659,5.982904507083365
1,0,low,15,6.5359557977592715,14.978338996308949,3.8465342321229556,3.0,10.416538219655507
1,0,low,4,4.980877891478844,10.827719538281421,10.10023795591756,4.269189250286704,9.712666068722093
1,1,low,10,6.8362798156019435,8.536537787161949,13.826470758185614,13.592172854081136,13.527457375990252
1,0,med,23,11.77568259233161,5.334606602177978,9.178555959612257,6.450853967608191,5.048754213922239
1,0,med,35,6.925512656322773,4.785218114263618,10.780380200445759,7.239430002912951,15.030849576994733
1,0,low,13,3.0,9.754115067801601,10.865850761893803,3.3108208911212023,9.580751035319796
0,0,low,33,12.839862382031514,13.810002239221792,10.83465622894609,10.705982854616435,7.060122499440782
1,0,low,6,10.300409197000967,9.472860007277253,3.0,11.569280831683557,6.264916623646377
1,0,low,17,12.208789982755444,13.185633308159002,9.478699322877775,7.7247559264776156,7.676445974063105
1,0,low,10,8.866707911005467,7.96293478024764,9.597205305212864,5.304122147529807,10.303023974847285
1,1,low,8,6.692213994208228,8.51884705326368,11.92116303630718,12.971791543816565,9.26400228043022
0,0,low,32,3.856966364611149,8.568106350318178,10.889967336929644,7.896508690966694,9.017630661463885
1,1,low,4,9.382448876448455,13.938552799407741,9.724023487624523,3.0,11.978938179403528
1,0,low,56,4.45727705610523,12.547612922781521,7.120432171695534,10.151037036243896,5.005549879846281
1,1,low,19,5.865687231306484,3.0,4.031321358921511,8.652074713827059,8.053830958295276
1,0,low,5,5.252112444098493,10.089935961251634,9.646827535457357,5.666896312286619,8.156830189339596
1,0,low,3,8.292860191996098,9.101128511456544,13.440942030672318,9.141975026431519,5.333689915363491
1,0,med,3,11.398427061070409,8.37864375960605,9.960215553073983,3.0,7.387111090472029
1,0,low,7,15.319247592730411,7.8062355067462335,5.935059143600233,11.473774205621663,6.467525744803267
1,0,low,7,5.734365160610736,9.0579216979439,12.661220727737062,8.028657503910825,8.543165821872167
1,0,low,11,3.0,4.054351423336777,7.390120671278163,5.885111347049261,5.866857232487855
1,1,low,9,12.531531967313885,10.31003453474348,8.14806731817102,10.830514441178364,6.963211546526429
1,1,low,8,5.333439838274584,11.89395989401525,3.965460423610832,7.145716777877542,5.010957242754527
1,0,low,9,3.7115928233039757,10.369867237807595,9.674550676206765,5.523505243766361,9.644495971531967
1,0,low,27,6.337947481466744,13.98833768814657,12.041458146006377,5.396328110577871,3.0
1,0,low,4,7.296315696099109,10.429264931978782,7.243347863811833,8.37269312207227,8.463159333068859
1,0,high,26,3.6718480562396323,4.918258715961616,10.77724642903237,9.656246763333442,8.752881708903058
1,0,med,5,11.179242223946323,3.0,9.300524689492544,3.6155139556107097,11.531766579226439
1,1,low,1,10.364934629495986,13.285488785197881,11.73220817600478,9.248914348446327,6.397683984324676
1,0,low,13,5.737745419280396,11.412719659734668,3.463211529022458,10.606720537232874,10.471852863137707
1,0,low,26,8.754056031561783,5.455338917076195,10.569999750541184,11.165180995928253,4.765862318120473
1,0,low,3,9.173545267469388,6.501843914507696,8.485826640003062,5.348000248975508,3.9131647785724812
1,0,low,16,9.81012294304626,6.958019886969758,10.974410444981524,7.630842907714582,7.3909979225771885
0,0,low,10,13.60144082715624,13.892323271148307,8.618343915761256,7.3366968661377765,4.787382363336446
1,0,low,5,5.961374122461976,5.929642625606981,8.728691982349009,11.529872165052101,13.107090904653663
0,0,low,8,7.6436493557537455,11.288359237113841,10.454883054086341,10.353854674712833,6.6179224524781315
1,0,low,17,9.060249259826161,8.745662175236196,3.4939650425428876,12.53503152775776,9.138525973442428
1,1,low,5,5.762744538936603,7.885030048741712,4.283182746595101,3.5696992655463715,4.6341955746123205
1,1,low,3,8.808463626944839,11.172538746251593,3.9493944336924196,9.581839826462964,6.300145645865774
1,1,med,11,12.957996803050868,3.5791902800351805,8.177046739816063,6.8793328210189655,8.5085712118772
1,0,low,1,10.658880126585258,5.186823459896586,8.246797227063473,3.0,11.747143197505034
1,0,low,48,9.276023340831587,8.196628816334076,9.433498463438383,6.9022288669757215,7.503457053912481
1,0,low,5,5.3249466187579735,8.28572904302586,12.293706951219335,3.0,8.81348010748711
1,0,low,0,11.549451904643371,9.68324782621152,7.93423126060139,7.541342142114345,4.514700037380081
1,1,low,8,8.253886958879917,10.398937197948273,3.0,8.296643798109821,3.0
1,0,low,26,6.3300632123546565,9.13489335380924,6.453152126250925,6.994230264264841,3.5556677282683244
1,1,low,8,7.208152779055647,6.939440424240697,10.025834947591868,9.913218677380257,10.426111289096776
1,1,med,4,12.313324059927488,8.556270882913802,9.841521053651348,10.173451430207512,8.738740570449506
1,0,low,1,7.153593545777643,8.874545314430456,8.947813663544244,5.462489130242584,4.904050490162186
1,0,low,0,11.399329838230532,10.001101124936104,12.182673464772634,8.228245683652235,9.1562482207017
1,0,low,0,7.317271136125474,5.0341415008947346,7.397985714285162,4.215360744521319,4.809832327451897
1,0,low,77,8.985574705478989,5.257550449843535,10.309415217169668,10.079398459200611,4.479809372686602
1,0,low,4,9.48638200662611,3.6713205112587595,4.801516289151053,5.141401915649679,7.728358113785409
1,0,low,37,7.724312753374323,11.877372116122746,9.863494824302837,6.546127013841847,11.290138139947357
1,0,med,2,7.391794703591383,9.789039729492767,10.398049695765003,9.538651526881042,10.353121372672216
1,0,low,3,3.0,5.084938995470058,7.684926513405359,7.654251079717753,3.8611454751001073
1,1,low,27,17.191437682425022,7.4262624883876285,4.909784248986623,8.768791602922057,8.003166029015988
1,0,low,2,11.909277562545956,9.520567187253633,8.486332842619916,5.759620224363203,9.375347307376428
1,0,low,56,7.967182361879262,12.795597301960868,6.916242846235482,7.254918282512677,6.290760525645863
1,0,low,16,11.432549408282096,8.3024645276819,12.591877703971175,11.887082734218763,4.759999662418665
1,0,low,23,9.079822506002635,9.108034885113693,10.536302410396395,5.901952988382018,9.726806846715617
1,0,low,19,8.928266171548593,6.244783882397582,6.909011633468807,8.664492719403022,9.799705219917499
1,0,low,14,5.8265625929618725,3.0,11.301644422619828,10.670825718504172,10.14274081175313
1,0,med,2,3.0,10.259298633062352,7.383843317267561,5.6929984857926526,4.158159066995893
1,0,low,17,15.592700390224945,10.936797823676123,3.13076134995828,11.008654326714568,8.422207147769946
1,0,low,22,10.717956974808054,8.81083659533294,7.204959953788036,10.230028765879595,7.354005211927737
1,1,low,60,5.011417994374018,11.385830515312698,6.316570470806423,5.687588775262317,7.195765629373152
1,0,low,30,5.213480081403443,4.366670541873055,8.1026246941272,5.66756877879026,7.227875068875099
1,0,low,21,7.194383824900304,8.386397790777027,6.656664130630717,11.95701733601246,4.785558581975197
1,1,low,11,3.0,7.2281163625947995,7.5702186284024515,10.243470321983176,6.675243982020261
1,0,low,14,11.899193267269611,11.467455445062877,8.380243328992256,12.138756583473874,11.09288586467877
1,0,low,6,12.33058001180751,9.19578796914835,13.007053725450575,8.246164669619134,4.108310039646921
1,1,low,15,8.229742410586937,13.752299095767864,7.155649473019933,9.98336797050661,13.201887872387655
1,0,low,1,9.691511897050374,7.125809409904762,6.986696834559567,6.792074636069136,5.361894903399107
1,0,low,12,4.67901375271062,3.0,6.657760361564229,8.191127028264374,4.261076025948988
1,1,low,0,8.230626513101614,10.67253644720683,12.517254635374005,9.546871942189746,8.253795366399897
1,0,low,1,6.881777693880881,8.220347093566538,11.830822333613828,8.510562126327716,4.3848738422176075
1,1,low,3,5.447042648805198,7.768753887740294,8.7114893437751,3.0,7.419461176140955
1,0,low,47,9.80665116155353,5.600568024043205,11.573335821631183,10.413785072112736,6.958332681106972
1,0,low,20,3.626215462496136,8.211492727602906,7.964150429385482,10.42735173016709,10.549812954386441
0,0,low,9,7.989637392583801,3.0,11.157540519170285,9.310150458264518,10.223143944368083
1,0,low,1,3.36391468494973,3.0,4.373149266467361,9.050415274413943,7.661466324528323
1,0,low,3,9.452867158459023,12.885042617834902,7.494408572797388,3.0,7.356043023067368
0,0,low,4,5.231048512373177,8.446023366929845,3.0,12.27464483934876,8.46890388006993
1,0,low,26,5.712752186311789,10.401387152131333,7.924662987326136,3.0164896624596107,8.72003728615169
1,1,low,0,9.772857623437904,4.802549654578918,12.099198209383578,6.167583889462017,9.73682104110613
1,0,low,8,5.97659738856152,3.0,9.488862955079902,9.660654072599886,3.1366858469510825
1,0,low,47,11.905254362347353,10.705467607055088,6.572837012208057,8.722566462990338,14.294870084585382
1,0,low,19,6.563574030167601,7.946875239632393,7.339673337068405,3.773202143586298,7.887689987463443
1,1,low,26,11.410031724356692,6.007841424024582,8.732566515293804,8.585229552357468,10.082881796392293
0,0,low,0,7.599975631499223,8.720697302419087,12.22362273227774,10.146493963457598,7.109249787570334
1,0,low,10,8.092350722062541,8.877483588066472,8.286998272583881,9.346314821505398,9.095870390373703
1,0,low,6,8.412397479349027,3.0,3.0,11.803116785576236,11.718029166852451
1,0,low,9,3.468065854601612,10.397961865467188,4.88542496430021,5.655942772334614,7.575787418569143
1,1,low,37,6.675115351550494,8.539736474391272,3.0,12.520277399258239,11.94327922490534
1,0,low,6,8.874272623481295,4.049103128404527,7.298290204332352,10.339958366552793,6.347013588018564
1,0,low,9,12.377899749006346,8.044390127893212,12.790512991322913,10.694312523434078,3.606542603697325
1,0,low,8,5.053362346613515,9.263369610781826,8.171870342660986,6.502300532857686,4.027587350939076
1,0,low,8,8.51559456454549,7.862229944657975,3.2394851119642,6.7108880246797185,8.194125449683721
1,1,low,43,13.628950847792279,9.456181556358151,5.184354678795005,3.0,7.7759905390322475
1,1,low,16,9.728012953856544,6.784808513488516,7.015168159226922,3.0,5.132249349757336
1,0,low,8,6.7853596514446055,5.3572937446425755,5.97645260513552,8.653250486670293,11.393666812657441
1,0,low,0,9.249183744136019,3.97155925480385,14.884235768752255,3.747663463633409,6.599237636385455
1,0,low,15,10.618163481594909,8.0144758287242,9.618027921187291,5.489592979037582,12.34562715145312
1,0,med,17,11.071812450190958,7.589791955946181,9.757313524539123,9.297753699409846,9.083179103276631
1,0,low,4,4.483595433116641,6.956194252924745,8.010916391528907,9.752071625451887,14.351932775785743
1,0,low,9,10.791413181375852,5.559430743645898,11.239537403925969,10.772486135463378,9.176840032377488
1,0,low,8,6.700753402971154,9.606786695098268,5.921012682702797,10.132219112074019,10.880126994176088
1,1,low,1,11.622922148301102,8.624428167884314,7.8780080260999625,4.772928109506646,3.0
1,0,low,25,6.0086986768984865,6.386990306967599,6.78822113554101,10.223655176754843,9.610265765604755
1,0,low,14,7.1139645010277714,3.0,10.717976758288916,9.537290879569472,5.155208015600493
1,0,low,3,14.11680312945155,3.8517743793872956,10.534095660581064,9.69382976865458,9.262314855535697
1,0,low,22,5.786036777250649,11.498156996797144,12.394544853920104,5.857784975054196,7.866751443403901
1,0,low,14,3.7624281528724133,8.148195552620194,6.951695225627875,5.701610404631212,7.244589103750327
1,1,low,11,5.381446236915028,11.360165096606648,7.281864766938478,11.337558854388925,3.0
1,0,low,3,7.911017838105403,7.068484286114404,16.108066721630706,11.2930790708004,9.426353939431491
1,0,low,8,16.497718526324338,4.150086729213205,9.090423979202237,5.187502800183491,3.0
0,1,low,1,3.0,7.862716407591929,7.278382596642431,7.806652105077952,6.815839130015782
1,1,low,2,7.960855291441912,10.995123812933903,8.849747194733128,10.302611433496377,5.6710577387691785
1,0,low,27,7.4597931862521945,9.535732864793797,3.391534946178707,9.06591543227011,8.614073148429348
0,0,med,19,12.688976805766227,7.9278828529540135,6.53604098926502,6.78584502529843,6.663993880690383
1,0,low,56,8.040545078089599,3.0558025460029565,9.368440132905189,5.0457616817023245,7.773103350147098
1,0,low,1,9.384327065728103,10.346233702319799,6.773300297674854,7.394112115262264,9.982077445815062
0,0,med,4,5.693540890337543,3.19921196926021,5.987674672619716,7.641560553396859,10.153127670229324
0,0,low,3,8.22275650340725,3.8672993995206655,5.903999869768219,7.498822381957657,9.105090891122394
1,0,low,17,10.029076134284459,13.21525503055615,9.754354819978413,6.004781203077004,10.827607913379417
1,0,med,12,4.630505671761249,12.799329437681418,3.9212757091441777,5.308401933882493,11.659832062999437
1,0,low,26,4.529081056306702,9.752256538155251,4.023507512359155,7.218964876305843,6.130934825871263
1,0,med,14,8.18244132026844,7.188590583232312,10.055164814247593,5.792533709529181,5.994245602235575
1,0,low,3,4.3686087845669785,4.645502895065163,9.782463312957441,10.786170821525797,4.074366248917912
1,0,low,11,9.465956049224046,11.936061026462536,12.798803432344828,3.0,8.159846933620459
1,0,low,20,11.466199455150111,3.0,13.749828672409073,11.60050711902743,7.759059270493247
1,0,low,35,11.554638088457414,8.329409976301621,10.81910326576672,8.150755314048306,6.041530610690434
1,0,med,29,10.783237112504185,8.663726158687894,5.971079546284746,8.119378597734812,7.445159550026211
1,0,low,17,9.413396321266774,13.977194284403627,5.3593960936453096,8.93392989441984,3.294938497375628
1,1,low,2,13.60918478000386,5.857321574927157,9.948786083760107,9.294571626911848,3.0
1,0,low,2,9.625006565616156,5.013117938042601,12.73206618048874,4.8475866648563315,7.330946148369522
1,0,low,23,12.508496180453882,14.157631207956555,8.984523337871046,9.642042938902597,6.984580372710475
0,0,low,5,7.648337187652611,12.395508534309807,3.0,5.782630736913898,4.5939916314134095
1,0,low,9,12.024259215643982,8.74435950199917,6.280978376462456,4.853045972860366,6.58985751909359
1,0,low,39,11.446780309586895,3.0,6.686979116581566,10.309715732051847,3.566921166770184
1,0,low,19,12.292184230285638,8.689624839835869,7.207177439211073,11.584944112633284,9.09482247345174
1,0,low,4,3.6842909233236565,6.991712855460808,8.014902612551912,7.478477679603207,5.904516078743534
0,0,low,5,3.0,11.731208880139047,10.853621309015491,7.970418637221228,7.703510548631789
1,0,low,4,8.869496529149535,9.84399363111681,10.914020551014124,9.697975139898388,9.853741218599623
1,0,low,18,3.0,3.1124889508215574,11.760843264473333,7.20696937281407,8.368055516581501
1,1,low,16,8.784887626692306,7.898708839421107,6.730351300398502,8.54738764857532,8.343841123610115
1,1,low,24,8.299702180063173,9.241257218825359,9.480780467614192,11.588089487246375,6.252738555535911
1,0,low,11,11.139387047078479,8.249017844361921,8.642479787624644,3.0,6.953150925384622
1,0,low,12,7.255678610580439,9.755777540590156,15.488934183117674,11.442320165090585,8.852910043844442
1,0,low,11,6.6516193036038995,10.87391715106627,13.272453716288565,6.719573783579802,3.0
1,0,low,1,7.698207000738594,4.658290096136602,5.497505588375592,8.697112009877696,11.47036187013319
1,1,low,24,6.505849941492744,9.84414326426778,12.24403252350277,3.9655156636263245,4.455976212274693
1,1,low,6,4.564772743384239,4.980266736256876,7.256212552794538,3.0,7.6429872862126125
1,0,low,13,12.487308165284261,10.847492143186507,8.28113410282052,10.858326446543943,12.002669800032596
1,0,low,11,8.646959257419864,7.822708140015481,4.317942133689559,10.605090241576965,5.481023321851346
1,0,low,52,11.354228195353828,8.988330674372287,10.887795778997582,7.738384909550099,7.8781070391224235
1,0,low,32,9.837635138025924,9.719919683366973,11.141768654445023,6.009886725908313,9.4382700536009
0,0,low,10,6.358571693219313,7.341817010689945,6.914027084501055,6.987381349706832,8.31124687024579
1,0,low,3,11.757604834238371,7.168312305457293,11.145760329756119,6.080692111335022,5.4269609682578155
1,0,low,2,8.098166244085977,11.833048562147095,7.644344356800196,6.299595928718373,6.220836132479104
1,0,low,13,10.08524217676133,7.674941815379637,5.910318417978814,12.056665351621536,5.914744469560247
1,0,low,44,11.894027836403772,8.293545812250027,8.154584197538622,5.5130170929766535,6.603747444194242
1,0,med,3,9.078254517442623,6.144453660648798,6.3872429757248295,7.228143654476386,9.160913871610802
1,0,med,3,7.821645045209186,4.198473909636474,8.942937875428939,3.3524031080170005,12.114820602035586
1,0,low,37,9.684814206914346,3.0,8.448628956519517,9.053600674854465,7.3237464033789115
1,0,med,3,7.84039450215218,6.02862685238558,4.962267817514581,7.695463678220263,5.486490678321466
1,0,low,50,10.997053048793415,3.0,7.541078319811371,9.189411922803348,3.566317756768073
1,0,low,10,11.05986812703903,9.060155422587956,9.778006089292258,3.1627845714539804,4.862072565683244
1,1,low,5,11.589075090170228,6.4486355520110035,7.5152215212386135,4.721013718691141,3.0
1,0,low,12,3.991180048700393,9.381924902192049,7.497232631114535,7.469826761959506,6.285634396022366
1,1,low,30,3.0626952825544915,9.458627426950724,6.8447983821428675,8.623053117299827,14.125999554586135
1,0,low,13,8.106938319059303,3.790131217141286,10.649361231036641,12.175795900760875,7.5287103199901
1,0,low,14,9.370197151626027,8.271144618198026,8.540667844438032,12.480520729747095,10.791576014184672
1,0,low,0,8.421526577050834,7.485949205028163,12.128399770680964,11.610188665771645,7.377704125776022
1,0,low,2,4.922601356802037,5.831279916438857,7.5512905273234665,12.410062227600504,10.430427258545457
1,0,low,5,5.402003552604487,4.636723715300979,9.290286100228276,4.817157300287242,7.488594248151678
1,0,low,2,3.374810817665389,10.033509528743325,9.706362029501971,11.003480489184197,8.812292779950333
1,0,low,8,9.700485294344968,6.183945637547231,13.307540211665888,7.3867331040761135,5.558872570663466
1,0,med,5,13.352027701533217,5.336170594256521,7.482760880022797,9.190166881858017,5.407796512445076
1,0,low,38,8.707456442153733,11.716489695735604,6.649534205158909,5.049767974041162,3.200554095580194
1,1,low,18,9.081084023601207,9.312561557362173,9.651571758934233,13.94831126272895,4.396430690990747
1,1,low,19,4.65671442996333,7.290479484250266,10.288700034804407,11.977837959965438,8.032980837748172
1,0,med,24,8.773106997627146,8.446081552038484,3.0,6.948288709381227,12.502271179245811
1,1,low,2,7.006700411340195,10.582975835468137,7.821280290304505,9.553835167477214,5.509965612240689
1,0,med,37,5.6733067053981205,7.098516852052216,12.135454345687105,10.376500581970504,9.999042324167956
1,0,med,11,7.479228863614056,9.043292823034447,11.201830382964388,7.874609210202759,10.752620043654519
1,0,low,5,6.806443476597814,6.75227607175108,3.826105341564081,10.89626021927917,8.194767355340334
1,0,low,10,9.910728157803458,8.449875482396859,8.1959008446629,4.031232505871849,6.703592427800135
1,0,high,8,12.003427362018527,7.7254830754513835,8.964544138412963,7.674387684418624,3.0
1,0,low,22,8.944689141012057,7.8539680274717325,8.057695057272873,4.717039320678344,7.697533539235395
1,1,low,2,7.047196397588134,3.0,7.873753856887315,11.49364800748994,5.406948829197905
1,1,low,24,8.451624458650114,3.0,6.343960591585285,8.908868869396878,9.25756267071029
1,0,low,5,7.04489886484257,5.418949316231937,10.312015447095206,9.902080564745996,3.0
1,0,med,10,7.723681790525078,7.471437316876777,4.5125130118893875,5.050016886651047,5.963074730932608
1,0,low,0,7.0963089345143615,5.170867950934973,10.78083025352669,14.301384904269801,10.010679587971563
1,0,low,22,11.840042763467165,11.006250413900776,8.268604014216962,11.305895756999996,6.901024688323215
1,0,low,38,4.0348532721607535,5.002165225869028,5.246059288337202,7.608056574082228,8.969311435288054
1,0,low,6,10.987394706143922,8.10513012107,7.239022357684687,17.920198944408256,11.396451326554633
1,0,low,2,7.940546330544366,8.334945545032127,5.762941668363096,6.189076093728766,4.450415595918326
1,0,low,4,6.795366892311928,10.596601368048757,3.6503398029934413,13.487314493209363,5.552575496118697
1,0,low,0,5.414708334789036,8.270532900398702,10.130515064389938,7.501380343446135,7.290605267405324
1,0,low,4,11.040884967254915,8.508404180593544,7.514029372429808,3.0,9.013153528357815
1,0,low,6,3.6740315462452298,7.948016893545312,9.607317427381323,7.216514894351217,9.160310289108466
1,0,low,23,5.762339418942236,13.963892821189699,12.947769661759011,8.74079773812554,5.219771466616249
1,0,low,10,8.797891538090404,9.756383987217863,5.625476518564808,9.277131022990767,8.890027743009668
1,0,low,3,9.80760692109351,5.490263904657455,7.965624894508058,9.044063600057838,10.73029480880393
1,1,low,22,12.335167808087254,7.361750103425601,3.556790427001432,8.30389288050409,4.692900127524563
1,0,low,35,8.767145103295492,9.100052956309494,10.789987069740206,7.642212153318864,8.150870457929765
1,0,low,22,9.789615055655482,9.217425194377432,7.09131393317701,8.443813275536536,8.983546212888053
1,0,low,15,7.8701050934811265,6.695388175314571,7.683560456733367,12.363928689364972,5.682205968180927
1,1,low,9,6.123221732839621,9.524787728025958,7.876333954728323,8.795460573129,7.877443882207008
1,0,low,6,10.929607419569326,4.108348280723915,7.279156006771824,6.704680564883763,8.738926937495906
1,0,low,4,7.516256215402901,3.632419154482333,12.87899846658937,9.487917315498878,9.058247680718686
1,0,low,6,8.617618111838299,8.944072679609363,6.796827652742387,11.153981538325429,9.634607949141145
1,0,low,30,8.717322128739724,9.945415199961863,9.291210112299384,8.781320968449968,3.0
1,0,low,20,9.792783891788828,6.558759642425338,6.383899426917262,9.080605345346154,7.223540594855599
1,0,med,2,8.81058423620502,13.208278441791476,7.10952187756296,5.933641863240359,5.038253560529846
1,0,low,23,10.174365280967152,7.134669491724663,14.474565174861096,9.406275315250316,8.056893055175193
1,0,low,11,11.87836976841191,7.665184515721028,6.057883938616574,7.264431667067937,7.965611835971464
1,0,low,0,9.10928182297268,7.553037943302997,9.633270376390968,8.611581162949879,7.262683411908971
1,0,low,12,4.184932519081674,6.474010273164974,6.5004521942309275,5.388144715964587,6.606359549863343
1,0,med,0,10.957776154825499,4.640761363090606,12.155495734485585,10.250288075246104,11.407022448971638
1,0,low,2,5.8067600542554825,7.716169287715177,11.409428089122715,4.635468061186695,8.006551698175718
1,0,low,21,6.662213206773952,8.321866680739896,8.066377668382644,8.326894629683984,3.0
1,0,low,2,9.985335404353554,3.9550748111209035,3.0,8.323943187806526,5.173645705784171
1,0,low,23,5.604803607510166,12.14942695225096,11.232796258907939,5.260227352276098,8.411672675434476
1,0,low,56,7.460760946992738,7.539258338817471,7.077591402917195,4.098849425390462,10.50733812902089
1,0,low,8,4.920841354659054,3.9080001279676173,7.025917747498936,5.490814435052339,10.517500016476607
1,0,low,14,8.07159742471439,9.2711748723117,6.87120566745076,11.63285526360006,9.635233640005975
1,0,low,33,12.534545981127643,8.363859508688671,5.837760475494887,5.105426451577158,16.851616197972533
1,0,med,13,8.194028956686578,11.761346387451216,4.00651653428168,9.524854609382356,11.28714374675318
1,0,low,3,6.676250659415226,6.215187433882198,9.322863126370635,10.066694558364624,9.57172740805866
1,0,low,17,4.771961625804385,8.234141742212156,3.509062375341043,6.6587225415697615,6.554687540099889
1,0,low,14,9.690842980840417,9.179467221132604,6.090326205558977,3.0,3.0
1,0,low,37,10.710564648829664,8.540923757177048,5.4119031611895405,11.219627828481308,6.520286007349056
1,0,low,22,5.3280764618897365,5.033550512160261,4.4652936249052075,3.0,9.502751842089774
1,1,low,17,5.63065482136698,6.959625978669593,7.261325136733636,6.60218829480063,4.0570028701414
1,1,low,1,10.513422496017201,10.822555840003613,5.037771481860622,10.724483884474306,4.60330577364748
1,1,low,35,10.564931665971548,11.591026343959042,5.551354068296299,10.170727265120263,9.252528975565562
1,1,low,14,8.672055366409118,8.084138765930073,9.715901228130797,7.598926773715113,5.438663207967144
1,0,low,4,8.14783651346293,6.2011392663648595,9.129703048822677,13.563192782974204,9.625175309085572
1,0,low,16,7.004084286367506,6.337157803947246,6.086219734632394,11.337525063907094,6.128551755537496
1,1,low,1,4.787852085283273,10.55398310842795,9.208487229082923,14.750629191887395,3.6696370694786262
1,0,low,3,5.2253781442454414,4.131421699038009,9.55675864760558,9.011855197044682,13.806505876653752
1,0,low,10,12.755581163573307,9.922896895309202,6.603552543412763,13.134085872838018,9.054943769220566
1,1,low,10,5.836226163488362,8.365836827221063,8.791301031059469,7.094900044661922,10.837362735164241
0,0,low,0,7.4530218273146,4.2329040363887,3.9790258534246457,9.840133458299084,7.095607825373889
1,1,low,11,5.948535153737472,6.221326777328891,11.152459192211875,3.0,9.913277390746538
1,0,low,33,14.518866313679629,5.223092473191356,8.92843562730654,8.562689901039366,8.046003904407785
1,1,low,4,5.397709300895995,13.762329868717297,12.857072653282902,4.805562120564884,9.184612472347164
1,0,low,3,8.202879009008194,7.623638777211019,11.396998222579672,10.196611042920434,11.784784817044024
0,1,low,33,7.403329041770105,4.740247146816698,7.894214963062227,6.792094788730113,10.088327867141519
1,0,med,4,4.578936019730695,4.993838465014523,6.3784664711834775,11.214582565858837,11.13552693655922
1,0,low,7,7.812363354727762,9.56438082602515,7.831046660821372,12.971702434964918,3.0
1,0,low,6,7.176399940669689,10.245742512388588,11.02560557543136,8.80511854983005,10.934379314512015
1,0,low,3,11.14044682154799,6.862246031154365,5.596490828024349,9.196705965381895,6.801482502593657
1,1,low,36,6.9382577950639055,10.187060336612396,11.368933989614085,8.218262797281279,10.468840352068923
1,1,low,19,12.572527244029615,11.261906557305403,8.179399689639126,7.250230612164204,7.056305718727067
1,0,low,28,6.7931854937473055,6.475756831298824,8.37116744678304,12.950638328954385,3.73851537882363
1,1,low,1,8.449733331590133,4.538257851014712,3.0,11.095269076140907,4.6108850361544915
1,0,low,8,10.635499129466359,8.294362137168473,12.51172317570818,8.193322567322808,9.001484219014376
1,0,low,31,11.564039376054975,8.148211313199337,8.173541151007852,5.911734757855146,9.433572737119576
1,1,low,33,10.895148516050284,6.937778905960343,7.6614707683476055,8.560320729847696,4.6707720657692695
1,0,low,4,10.008632140555902,10.189090714552982,7.378027547160589,6.4919850228250935,11.412589955587052
1,1,low,42,5.881958375169049,5.734704922718881,8.29659956339903,9.702717848243362,5.780422555791963
1,0,low,10,9.175752861958143,7.534392735296663,6.245658505742043,11.421740564418105,6.687616064000997
1,0,high,8,9.67461568052313,11.681622039700763,9.67074180833853,6.7299075619378375,3.3883573259994186
1,0,low,16,12.553018847827374,11.288052316626699,6.28351334310874,6.444312857972953,8.729016147371498
1,0,low,26,7.70007380373177,11.617188639547205,8.208853554778512,15.07533528042994,6.301401241645371
1,1,low,13,14.989036403605361,10.99328476245401,6.580161014835362,7.441869521191479,9.763467313953015
1,0,low,27,5.348220452283449,3.5357802633578164,9.374119418170844,6.700852246487155,11.848302759239465
1,0,low,17,6.543800800711386,11.034997172199482,4.544554380486204,8.430508551857448,11.321042731774874
1,0,low,35,7.43832495517727,7.6602412996682,9.3286096802496,10.234117530677281,8.748170200081265
0,0,low,9,5.774965333523358,11.320128365349312,11.340731701469062,7.515663302684663,6.545895533524905
1,0,low,9,7.567673531808057,3.1916714951113203,7.397858170491908,5.561756853920933,7.498813181138839
1,0,low,11,9.330843620210523,6.890750685380901,13.254799313300742,6.05279950519183,7.669974066340421
1,0,low,28,7.22779834790554,10.308404394851625,3.8890623271791807,10.52012557891653,11.969510324214763
1,0,low,16,7.024858922031722,8.119704101631514,11.531505360741484,7.7791847447654385,9.727482972680779
1,0,low,16,4.952767840550179,7.59784089191525,7.019717238705104,10.334716169706686,10.565235397011241
1,0,low,31,3.761216898511159,6.721373977239609,9.390798317826441,4.908043361007422,7.13727008590576
1,0,low,15,9.154177291580169,6.945173262633659,4.1925817157440814,5.356224611410009,5.4967796019011415
1,1,low,17,8.443708999142087,7.845153173033674,11.126413797159309,10.076672154869568,5.896591587546151
1,0,low,23,12.201533893756103,4.136693146705565,8.670557171279924,9.005191647677776,6.4500092208500925
1,1,low,5,4.911884036572938,8.777145331690075,5.300359600104166,6.5849409720256835,10.487056029317573
1,1,low,15,9.648358713014943,11.414301250378227,5.213564965789724,6.7809532788354545,8.507955834020047
1,0,low,31,5.5901354817893445,11.556051538765939,5.394714004150613,10.750826293180497,7.122945377039823
1,0,low,12,8.10031864248649,6.188025148965888,7.469394717030109,5.1961035407535086,7.834567818305271
1,0,med,7,5.4563745949888505,9.6568064024568,9.4134384023524,11.211069990700972,3.0
1,1,low,17,11.315059811694262,9.048214704721296,9.408962748334472,9.470331930718716,8.013992210418323
1,0,low,6,6.997694474973976,8.259386015837077,6.653474132779676,3.5026805796276133,7.514753436334095
1,0,low,0,8.411345513849959,5.163333350781695,3.993483101491437,9.420793352093604,7.253414277249003
1,1,low,4,6.020045899133346,9.3284309661618,3.0,8.548504632882512,8.075837405757795
1,0,low,3,8.76447545562129,5.048889980964078,10.697467386168242,6.36124335646358,9.43358322942248
1,1,low,0,5.97384983698944,8.878460639877774,5.872052343248668,6.956794071663593,8.578709023600775
1,0,low,1,5.078298746706398,6.557418922024455,5.612346583744677,7.62283018973111,6.236991644253987
1,1,low,31,9.771455038330915,7.450326996256479,5.811129447069093,8.409711473575554,9.000555983156246
1,0,low,0,9.277261402385474,3.718315852241057,11.863290702461818,10.536625789529593,12.066705336966269
1,0,low,25,4.45501278026827,3.51284970712317,12.954446057120352,11.270285130624664,11.034248237063622
1,1,low,27,8.357980696760599,5.0108234728344705,9.291371112636263,6.059026742165765,6.5689319005543485
1,0,med,11,7.75607001335384,3.416646502424645,8.828920269488428,15.099896200269638,9.672180600868053
1,0,low,23,7.503304586123716,11.363409809923379,6.942491159799636,5.815387009000069,8.581768324343061
1,0,low,8,12.700615474031027,11.255909439359877,4.864125578418262,7.649124209347231,9.476155115490206
1,0,low,3,7.769401691285348,3.0,5.743543897117644,7.527329783380235,14.680809347616773
1,0,low,2,13.067157387972905,8.653276582526559,5.73846198049508,12.46425465650113,14.885713129082037
0,1,low,23,9.686406280877879,9.06911338757212,4.515673749582415,3.832721105984188,9.825652567733531
1,0,low,18,9.7442292442277,3.0,6.86761131008321,6.378819716285051,8.631321072226521
1,0,low,35,10.20194511949823,10.121071663213154,8.856486323095382,10.425545164217413,3.0
1,0,low,41,4.356808563853743,9.278673966812217,11.87456186570603,7.631601004944811,3.0
1,1,low,8,7.994305611190094,9.74575769095767,13.563616233257676,5.261737332293492,6.262402609075004
1,1,low,0,3.0,7.076001555602123,7.575570552581019,11.93488790983145,13.338573670848092
1,0,med,5,9.719108428024631,4.884149129848367,5.464111826585148,5.61930896228468,10.071244750454865
1,0,low,11,6.1713679614690315,8.451794878918216,11.173244558321985,10.578793589555742,8.181779502229624
1,0,low,0,10.16293513556573,5.06699452721991,13.07850950767121,12.350924776483474,5.217040880224548
1,1,low,6,10.361259010147041,11.343225914662874,5.573532080893505,11.445719481243675,12.980801517733678
1,0,low,14,5.3474993033581,7.098034978319539,8.333822257958744,8.952926827865745,6.049590800756977
1,0,low,0,3.0,8.876886167130506,8.891566292692149,3.0,7.049273361833212
1,1,low,53,4.023032068514594,6.267146985960489,7.024617605654135,6.988036465872597,5.210210585552563
1,0,low,26,7.904580458930018,4.358973736601315,7.085478769789045,4.177389509768942,9.994310167153195
0,0,low,0,12.998353276699739,12.76931466333469,10.774466379110807,5.28240611248489,6.437270850961584
1,0,low,28,12.656899115283437,10.654048614238206,11.751356333225717,8.105738204139959,5.257939027094962
1,0,low,46,8.281409762761717,5.664667682207094,4.407974253853089,6.21803775716989,6.492551994978221
1,0,low,8,4.8109328147287345,10.121872051177348,8.841729558672093,12.40362347314068,8.502686766750722
0,0,low,1,4.621267568657973,11.717339730229858,8.18369827922744,6.700168576837764,5.335516538384744
1,1,low,6,12.98920090205603,5.863227612626098,11.168909971528038,9.00821261302966,11.500137394509359
1,1,low,10,13.921100462185992,14.015813251059331,11.345605562189725,7.522853264054933,7.537167235310816
1,0,low,43,9.123393799359938,4.839893236164099,10.5599543509732,5.437875534359983,12.48488940298245
1,0,low,22,7.987037045511047,8.615848565412634,4.880216717994551,11.177250373967826,4.606211524550879
1,0,low,3,8.869363050816455,3.527339593469515,8.439879634757759,7.409254158015223,8.979119978006638
1,0,low,23,6.300224743814594,11.741393737912025,8.880294107955148,5.098836432250036,10.336177781921917
1,0,low,1,3.0,4.74888473879039,5.420940308087404,11.764215793208269,8.52724784664362
1,0,low,24,7.175404102573583,3.377097158511951,5.880415873949761,9.476379330711255,5.226818528788806
1,1,low,11,10.987928200796519,9.805552440744728,6.481657021328364,8.238614011373095,9.287520188136767
1,1,low,21,8.508491907550479,7.686335119155798,10.147816155628611,11.30591992378264,11.664537220981812
1,0,low,8,3.0,6.9024495494696545,9.483644051363099,8.32805038542808,6.948591232864443
1,1,low,11,7.7407369778415935,8.397462137876744,7.588839415529272,3.0,4.12359047709346
1,0,low,0,7.207707024614639,9.223772382952715,5.801817645713868,8.27634572528355,5.979150161028931
1,0,low,11,8.989357745587313,11.629812760207926,9.581373690561119,13.979685730501679,5.867205130440539
1,0,low,5,8.256914655341198,4.533491345168928,8.189559755065758,8.856039760239849,5.371897383176306
1,0,low,4,5.617756247174154,6.334995496305628,8.495859129427764,5.247373089201293,3.1717494685336574
1,0,low,9,7.9815524213725775,5.334882883191129,11.156844653460368,9.579502473489068,3.3512868417737405
1,1,low,57,11.44573545352648,10.512561347303821,8.311313576952548,12.873181992358976,9.431933604374871
1,1,low,14,8.477993122138328,7.07133996099439,5.642267059331656,11.416176931565449,9.458024666828377
1,0,med,11,3.0,3.0,9.367823002044377,7.710962186031171,16.196369604149023
1,1,low,21,11.990170001163909,4.115737056956551,5.724810700866273,7.964280883307378,8.21703082242405
1,0,low,1,5.894212468211309,10.011039745786606,5.947830063007241,6.325275115880576,11.905329829930569
1,0,low,9,6.932421146831734,8.444454192890829,4.2265369690671974,12.473124421786792,4.892040889338206
1,1,low,11,5.992405856990663,9.993820030163766,10.382267185148775,8.03317965858569,6.027737348487788
1,0,low,63,11.172190291333928,10.647677036599148,6.666471272062782,3.0,12.54909856840783
1,0,low,14,9.669434556502377,6.298890009970313,6.544831022948974,10.980402991180428,15.40638024489236
1,0,low,2,10.316934341283924,5.515385650050021,12.946806684187457,8.120911162368971,3.0
1,0,low,3,5.061886161424537,7.087004931355757,7.173165576777509,13.795600239509723,10.337258278728903
1,0,low,28,8.50660744920684,11.268657962278851,10.891439961702712,8.149840253346552,10.490486843633283
1,0,low,36,14.201553512756922,7.0324089053325425,8.934682052140992,6.577887865899832,12.730790443884214
1,1,med,20,9.506560027619846,5.796847200913973,13.550985650274548,11.058081438680333,8.064282843717995
1,0,low,23,6.5774606929024335,7.967417486019179,6.642093019114413,12.247690014139748,7.3338605386041325
1,0,low,6,11.474090828628569,3.0,3.34284189210127,4.659700266795449,13.438074374562744
1,1,low,9,8.452116181638312,3.7303377909761313,3.0,10.702831902004977,7.523158506777685
1,1,med,10,6.128066685450586,5.684566190961756,7.585276029529614,11.35960828142695,5.487893372492306
1,1,low,0,9.458643965935583,12.107507399613388,6.080228211199117,10.407385172549528,11.073401763685759
1,0,low,16,8.254745261119737,8.350177221400557,7.61933541327618,10.934433955035361,13.001190677784058
0,0,low,23,11.631310445959432,11.083467851518506,8.774932434089129,5.377713513325583,7.033419180532171
1,1,low,3,8.51020018590799,3.494888483265772,10.0789067475136,12.35575940320506,8.288474120917176
1,0,med,22,6.342611663270413,9.271991418278818,8.210599626613178,8.851962612134425,6.678441592596599
1,0,low,11,7.514466492178037,10.704535695268097,6.644258673618256,6.804408542926447,8.203181475668123
1,0,low,7,7.101243020279212,10.636542624706365,3.615448732774073,9.145595502953215,8.205001938682944
1,0,low,7,11.555977180522913,9.40933725611099,9.111446719547342,9.386956692573417,7.74480256200351
1,0,low,10,9.548706130086316,6.9524007394810745,10.021678011589037,7.912707752375793,12.328823877497879
1,1,low,14,10.529084817287675,8.267130827589932,5.694811999944938,10.56541723730188,9.017865486694703
1,0,low,2,10.098190035797085,4.727002312791652,10.160305019754146,13.627703148503034,9.765171238526621
1,1,low,36,14.92792607823242,8.489785900551736,8.935549543782809,10.166335426521197,13.606416874927865
1,0,low,8,7.540808706496506,7.9288633280295056,7.032505041373071,8.598780363283216,6.8637879902533605
1,0,med,43,14.157439729672134,3.862121468750913,8.214865821370884,12.368782196290823,5.5299153553500755
0,1,low,60,6.109632619201829,9.369651656653502,12.400089038472018,3.0,11.232864573443468
1,0,low,31,4.076750512605181,11.269812611752517,5.275754227619521,4.418748540727785,3.0
1,0,low,0,9.58445148690138,3.0,6.920150083078281,9.906436281662298,4.847401954282603
1,0,low,27,11.00584659682328,12.902697129122014,5.687210045793504,10.719979496846221,5.641497023950103
1,0,low,1,9.43892759040425,12.21833542144222,7.236623309645771,5.158915262098308,6.619835273356461
1,0,low,0,6.1969739579754926,6.972891808422833,12.27443109811815,7.191089232417063,6.823696388677952
1,0,med,7,3.0,6.23610887888035,3.0,7.10090849418782,9.955843874006627
1,0,low,27,3.8258957858154554,8.821593128163578,12.13760972143904,11.49754596760203,7.3711519520482796
1,0,low,3,10.065185181436878,7.334488245387106,9.911083483496242,10.141695702846533,10.530611403988509
1,1,low,26,4.436137247940292,12.25782082965794,8.498999126074098,5.7470150020216355,8.60941350089004
1,0,low,6,10.141366954542852,8.928161404597791,10.496148173300968,9.902869792852941,7.437377223495799
1,0,low,12,5.828713644644623,6.451704353119792,12.181488446903735,8.97971016156854,3.0
1,0,low,33,5.431457043783681,10.409425566372924,8.344965214575845,7.503276729272163,13.34066831715377
1,0,med,1,15.594735283820876,13.179173095955386,8.416098538090116,11.41510602912264,11.134693191598622
1,0,low,5,6.456680200106231,5.043409251311351,5.072566907197107,9.525325638740833,7.425140753080164
1,0,low,43,12.104104568291824,9.922585346978108,7.453502238876627,4.542431294893119,9.975185857609345
1,0,low,15,12.72139000635411,7.92212631058599,7.85005021748298,6.772381908801152,6.070513233115248
1,0,med,6,8.291923399218266,9.469051906320228,5.345600553643776,9.937864878527037,3.9049602972556663
1,0,low,0,7.9420602359914865,5.874227441236418,6.793255988716733,8.787251076486191,8.741205697956175
1,0,low,2,8.782022635617247,3.0,3.698496783833477,8.110869136802114,7.326688382812389
1,1,low,110,6.932414551473718,9.803054952039679,6.633131209424074,11.335733154882684,5.342218001196746
1,0,low,9,11.852692098328728,12.18168948723508,15.406970749885488,10.192191444694128,7.5143235574607194
1,0,low,8,11.288010837613552,12.35881153937118,10.659479335898425,7.161570919641554,6.442829392405458
1,0,low,20,9.018931646246415,4.312666597756608,9.802350244805872,11.345334562215099,4.955576750459195
1,0,low,7,3.7840053259241735,4.042122521694987,6.4203148185909935,9.583781721269876,12.022721211505596
1,0,med,14,3.52415048785722,9.154835542712041,5.387438844120478,9.0234507033236,6.935696684170233
1,1,low,2,4.317293875140781,9.895488903486722,4.561281111958964,3.4762444528390635,3.006743710187803
1,0,low,16,9.118789450742984,6.6111533692810065,5.043250362780949,3.954612962337178,10.356432108949807
1,0,low,9,11.78111953062754,15.477898078677157,8.92989819499019,7.80644424561669,7.2127177859569995
1,0,low,5,6.02252787320486,11.809303631287746,6.772984328981279,6.941510458909744,9.120471147824912
1,0,low,10,10.71019771510332,11.460105619931548,10.533779082929978,10.424596412146908,5.377240598027084
1,0,low,1,10.472849546712979,7.639908541655505,7.524819316742354,7.218926907264327,8.213048840081193
1,0,low,7,4.892128328516026,5.895335681627998,5.562056222650035,10.230693204746382,5.859449408397265
1,0,low,20,12.892652327110717,7.080478535359529,6.686219793858356,3.0,5.014837806575814
1,0,low,19,3.779421955657434,7.343563967720191,3.889445660896974,4.097483983192102,8.06596262575707
1,0,low,62,9.362848935878247,3.394922104166211,7.798311992219453,4.465845109692334,5.946942982773819
0,1,low,7,7.390160335099184,6.426605133547673,9.349190259758668,7.547430460627133,4.847612211428946
1,0,med,6,4.946179591207229,10.116347689132924,3.0,4.671452677105193,6.112731618648796
1,0,low,46,7.064612688256171,8.75474759169813,6.583188479687504,10.608207904140745,5.076679541309807
0,0,low,17,8.942186725230309,7.960076906894218,4.3935512871329605,10.866876993797206,9.446133957081754
1,1,low,24,8.876474897554537,3.8114949410366634,11.323952103340716,16.138212074893953,9.258719161026008
1,0,low,6,8.080771309862305,3.426456630659107,7.184997288706179,11.297622642142745,8.793826363216247
1,0,low,39,7.630149905102021,10.966458472308354,12.138642495583845,9.732274089913233,8.526086538691269
1,0,low,11,10.456473163069397,9.376395291681554,8.317655013481263,7.3914798983165895,13.029843932020835
1,0,low,40,8.350741726465287,3.959288454673036,10.030424187727288,13.406559631678443,7.79570460787247
1,1,low,2,3.3052134245485574,9.938890215642981,9.215443496927822,5.299865321713612,7.882635095307129
1,0,low,0,8.874085218286858,10.490620624665418,8.368608144317536,9.92959051685705,11.788614398104562
1,0,low,4,7.16943200282234,11.047455073882128,7.8085034227351215,11.628849601402633,5.366042995490338
1,0,low,20,7.81108164925477,4.908513482625218,7.017384381306211,12.445899622669717,9.521405550231648
1,0,low,12,10.729113173242242,5.346573595399244,10.85674610321573,3.0,8.74458401072997
1,1,low,12,10.896183734131277,7.484918036353147,3.0,7.345026951324442,13.903409502113725
1,1,low,15,4.485115944657739,7.989005523060719,10.118528615822878,9.860438709526727,4.162297224392705
1,0,low,3,6.083329365195349,8.937040635759608,4.7818833441809065,10.491149006114515,7.818365446732839
1,0,low,21,11.410574604837848,8.407641692724157,11.944376271708917,8.905590041782606,3.7888461209542807
1,1,med,5,9.21382679140655,10.040635859366926,8.131635420747068,14.106695582319292,9.927040800099638
1,0,high,16,7.972708318566265,3.0,7.52903340359168,9.485587273612717,5.36419476686865
1,0,low,9,6.8600555528969345,6.167216311230865,13.356797069631007,13.717621508599557,6.412035584610667
1,1,low,4,8.164908544208808,9.917469010678818,9.092253923723266,9.082056925826206,9.112705972225623
0,0,low,3,3.174712825333046,6.370845553083052,10.495914605378674,8.054104824178136,11.67783513810266
1,0,low,9,10.235383501479363,6.011622031718061,7.0010145185162695,7.7388942371416505,10.776201948473949
1,1,low,76,8.004900457502478,9.072050043721967,9.33145902906775,7.57943643024533,5.8927662749390315
1,0,low,7,10.354938886054114,6.483590963932157,6.518367946937513,8.976436388945377,11.963325144688923
1,0,low,6,7.3099161504913175,11.864295468545553,6.7239355824197125,7.078388110075569,4.78209158712303
1,0,low,33,5.825183983665614,7.810345725751219,4.84723404541338,8.522297911065678,8.832213491741918
1,0,low,11,8.882794052810423,7.992480595687452,7.569933085232222,9.59164841701089,8.095839854457795
1,1,low,1,5.367368492760973,12.390082130596696,8.986909840776399,4.290434744507612,7.37468389331272
1,0,low,0,13.211208302290755,4.372158795644133,8.782184885142179,3.0,9.226025379699795
1,0,low,4,11.98371456448222,3.243070035053494,9.866907540956447,6.0708249304826785,12.564643442132395
1,0,low,12,10.842694223967595,12.440199359753711,9.934598181353563,10.053191016283392,12.960182777240709
1,0,med,12,4.751955891202348,6.0400028203702405,8.984916866422044,7.9645829242980035,9.310138043654652
1,0,low,8,10.921311300966856,9.017893163761668,12.14930461760529,9.050336541266592,4.230061603481666
1,0,med,0,10.10499571211237,6.687832264592169,6.813814790519074,4.902220185688891,9.458633298848653
1,0,low,12,16.238131703962694,4.796895258910453,9.455097163249716,3.0,10.291649982893446
1,0,low,5,3.514604512694147,5.891034589355759,6.850489260734357,7.026393612339164,14.548530039563085
1,0,low,1,10.344571643537018,10.083491773373087,10.458307846536584,8.89163767398092,7.063286299899117
1,0,med,0,4.7258247567251574,3.0,10.95535407255215,5.877704489652021,7.0174723623934785
1,0,low,5,7.700514620765174,8.725573905187147,3.0,8.15896377685875,8.450455685830281
1,0,low,17,6.192849950929515,8.393645613592954,8.993972329145361,9.82068416595921,10.534231087860391
1,0,low,2,8.18823158677812,12.607004680665934,7.8750983594517505,5.64348761278846,11.234037354763235
1,0,low,0,5.981199601757089,7.441289410051707,13.700019706599548,7.552997524331879,11.592867143152269
1,0,low,1,10.663444439461621,8.084933355588454,12.031296538986577,7.853987522090287,4.337238408153881
1,1,low,26,7.095639239342745,11.572955275752287,7.535543811471675,7.5464868455493415,9.200897788454188
1,0,low,9,7.575793472681348,3.0,13.34074691261837,5.1426940238906695,5.68499691458794
1,0,low,5,7.673844008065869,6.914829310065422,3.0,6.60873288047434,6.896060717961602
1,0,low,9,9.268439174715647,11.58784206260631,5.306825611584818,3.4340711978357215,5.498032360856635
1,0,med,4,8.948410871524166,13.24283340335193,9.506820671906903,4.043417489736136,7.79178660807174
1,0,low,31,7.128044571406297,5.283260801215742,8.579284181449415,8.382189851186851,10.411540443913434
1,1,low,0,6.884127060228785,6.106000383728782,10.232183173709782,9.68674235046498,8.377119668761265
1,0,low,58,3.7973623918094876,11.835518156048522,10.963993809199774,7.076575677180976,4.222824506404033
1,0,low,8,13.826998207640864,14.058107898259841,8.441878509285464,7.4835635303205965,13.422532056832233
1,0,low,37,5.618092747377785,5.507512463426519,4.473619929124562,8.199035179939003,11.225364704453405
1,0,low,48,10.101095316186395,8.307141165004149,3.1497189871091402,7.702869164316499,6.59059008601646
1,0,low,11,6.346801369726084,7.195875817209925,9.438346255621159,11.245703629007318,9.696960407911686
1,0,low,1,7.543738788226938,6.995613433404477,9.823392484053489,7.763607425736975,4.362599283441767
1,0,low,32,14.443449552299398,6.311871249250849,8.29556892893036,9.798114645004775,3.447300946007987
0,0,low,4,4.426439706062678,3.0,11.788715949328784,5.658851488636825,8.916305953228274
1,0,low,5,13.29010516739719,9.602857431250085,9.814059949027815,7.199731717238488,10.594955436460802
1,0,low,36,8.416507862014965,13.912129464113587,3.7652516023985365,10.171706620635963,9.895081557490467
1,1,med,68,9.899063261946361,6.326451372844334,8.084119744359342,8.42457695010907,9.19340485423095
1,0,low,55,8.8397111535421,9.54904785079978,11.506748178999095,13.172400216877667,6.662761548127653
1,1,low,7,10.707542055589528,11.333913885164959,11.178867848523968,3.0,6.0896407142894775
1,0,low,9,5.53371887220915,8.628877268063277,8.124930706526028,4.6710120487616855,9.657351028117017
1,0,low,33,4.660884756519811,5.52042258107255,3.318189845587627,13.372772663629442,9.182544511852708
1,0,low,27,4.9711490716862805,12.387451661264333,10.307108225899928,12.971369182266557,12.805904813139167
1,0,low,0,3.0,9.353348570483764,8.457438808196864,16.192126827901,13.049874559853386
0,0,low,23,4.910081474428276,9.489120326096488,8.998666825530126,7.470312339934218,7.385143426727122
1,0,med,10,6.310146186923973,6.620349371769577,5.428582335357509,5.550334881313467,6.027656157851148
1,0,low,0,9.634029876607556,3.0,4.138228090140495,10.39617463964457,9.407052751198263
1,1,low,27,10.108074760932512,3.3351474249917903,7.41015091430943,4.658725856401812,4.8143216933701245
1,0,med,11,5.2471928121852205,6.254860447404436,8.072839676646572,6.4305495902920216,12.289695418756367
1,1,low,22,8.420606392259955,7.348616721305858,11.227023484297304,6.363947770664434,11.149356848594357
1,0,low,5,9.898241927558983,7.367939969287568,7.439566146971911,4.855667833313022,17.030865247043405
1,0,low,9,4.824874660019598,7.869916560268576,7.820675609032783,7.523300363620115,10.616365426744148
0,1,low,9,4.559205559052412,8.863433326593599,11.237461084315322,4.561468209281727,9.081370057653496
1,0,low,10,10.506110390228812,12.608062805608252,8.062598190878562,6.783431931680421,13.01724920045539
1,0,low,6,12.14942060558282,9.245483975425357,7.316642567942604,8.506347464673752,10.445212654432844
1,1,low,30,4.230178333500241,6.87883312877629,10.824377115072698,7.465266161686952,3.0
1,0,low,1,5.400337743122349,4.932531847870153,6.61327457875406,11.839978629970684,6.5526840371200095
1,0,low,1,12.72721769541681,10.299030395555956,7.814096167225817,8.381077105249435,12.445129938114164
1,0,low,7,10.108908970266008,5.8647041806371,5.483690085885675,8.569029565704025,9.82055612219694
1,1,low,4,10.721529886139578,7.587913228835119,8.432264290342477,10.174568805524647,3.9141842513038965
1,0,low,4,8.495066185808641,14.238489111653024,7.154928657155526,9.102758352085338,7.676277925546431
1,0,low,28,7.870990194085439,13.682716589176362,6.4574707565061615,3.0,4.986124927867817
1,0,low,1,7.190752632347543,6.486284585290796,9.25949684895235,7.396427707449354,9.29180884357307
1,0,low,8,8.031437822428208,10.956489433900334,10.599053850393664,8.908289648403395,10.128427593791464
1,0,low,2,12.18615258265394,6.965438318870145,6.802765827209276,7.278823751229321,7.478744009573493
1,0,low,62,6.256066382369047,11.595861996233984,11.832251877019564,11.837330612635764,10.904688739595606
1,1,low,0,9.769514593058485,10.941803180018942,4.114028587090213,8.279813860992366,7.328507978444139
1,0,low,6,14.963016506757857,5.878586504150181,10.158334814431091,7.7888568884210585,3.0
1,0,low,0,8.706922270970946,8.126914840580636,9.84615189454673,13.323498008540232,7.547268087017987
1,0,high,25,11.847086882118363,6.683345689907327,12.683121490981618,7.341710656738313,3.0
1,0,low,13,4.12986929199798,9.012980100335575,4.146368583998132,4.859598133915111,5.500851374315619
1,0,low,2,9.748375452657644,6.961548814941709,10.595328151299102,5.718727060586058,11.922936942385117
1,0,low,9,8.796339514749612,6.184844448513114,6.450400124228006,12.361190522583211,8.26892622006456
1,0,low,15,14.314235005698812,6.727417484508886,6.842497172497321,12.5659648423824,7.483566279184531
1,0,low,6,5.592555544219032,7.764444072183257,10.611383177817936,11.106905263109859,5.747652844761266
1,0,low,26,8.274190513158153,7.489360744679884,10.38948831148327,7.392976427000944,9.484564694940302
1,1,low,7,7.474763200424283,3.995209180313239,9.271113866510074,5.574089161881123,3.903000599364116
1,0,low,13,7.813531357296163,3.0,10.123197225352417,8.71640141897158,8.65685533031471
1,0,low,6,4.672714716848885,4.93304500482774,7.860010004304859,6.9932488274579026,10.583516494924085
1,0,low,18,9.890726231114838,4.712306463306788,9.728708107371602,6.783813582105453,6.893694438570975
1,0,med,3,3.0,6.40194711611022,13.215590637506061,9.008721669348464,8.057125596063747
1,0,low,6,10.881935098730281,5.7906788573240116,12.702856072081204,5.709838688474042,7.186056744807219
1,0,low,0,12.237975471011382,11.662315073272964,13.601981320355762,7.419063450932534,11.252237446967749
1,0,low,26,11.123689497030076,10.178906300254246,6.207627568031683,6.138804396826607,9.017165134348081
1,0,low,19,6.662115167600383,6.951442518420642,3.4202708970724673,6.322234933294593,7.67414057681376
1,0,low,15,4.795461090298308,7.564075608570501,6.4977421056432,8.121755348619173,3.0
1,0,low,0,7.3285845063987045,9.436570171757726,9.939698911136436,9.740737255348789,11.630603566072173
1,0,low,9,4.348248063717391,12.261683981472597,6.333956412607202,3.3152874849278637,13.113076315622385
1,0,low,6,7.95865300726409,11.434405622644402,13.334659618488942,7.936716260623994,9.550615319160142
1,0,low,19,8.723861942571693,8.471524908496004,3.0935828477823524,8.822238820830393,11.630749037948764
1,0,low,3,7.313702427863513,12.176449643098046,3.0,7.839295070991415,9.040804843703642
1,1,low,4,7.34580221249802,9.381974213612382,7.4050592842789635,14.812651269139632,11.717282163109129
1,0,low,16,8.273350094050098,6.984583185194345,7.179184512356301,6.17161885600407,5.2859467121593475
1,0,low,10,8.62928550744782,4.375853371373481,6.960373850881607,13.011564067448585,3.0
1,0,low,4,6.008544857194408,9.52110575991601,3.0,8.705873204678575,14.207397577806542
1,0,low,1,13.04976755652642,8.359292988447073,8.332872471346434,5.974096782127148,3.0
1,1,med,11,4.244523362998773,6.563054222225183,10.469867023933343,6.85828230467818,6.4906718472541804
1,0,low,44,7.050291997145523,10.731953463962324,6.6346428653216964,4.341456298138215,7.76122681184659
1,0,low,0,4.141434350163094,3.5191857863848632,9.879601239629395,6.54210775129811,7.378392776073819
1,0,low,0,5.696278454622167,5.081942552648883,8.111774398568025,8.451159223753661,8.109328388704455
1,0,low,26,11.987352370398288,9.650132792497512,8.91981674368843,8.038566611262361,11.721208125791726
1,1,low,15,6.338588622054875,5.668001227538082,8.408460287363692,12.180755282352234,20.183162724008355
1,0,low,4,9.751650226846964,6.3365405942162845,6.717264184839815,11.377421554976717,7.789101044128497
1,0,low,0,6.836279003268421,7.078124897512682,5.866149812811898,6.0648576845074285,6.918557233272983
1,0,low,31,7.805566440512786,6.902158267355217,13.099045886425849,10.011305975443177,12.456420768598989
1,0,low,9,5.7487164167176585,8.010083980713421,6.429622907196496,4.31247484328433,8.469256523472076
1,0,low,15,11.662730457266044,12.297979534889393,7.830406815213559,10.7344027321852,5.886327908950681
1,1,low,16,3.0,6.320174180453792,12.153025935408568,10.794973081324427,8.513664236590284
1,0,low,10,10.39424664536949,7.888310687443556,13.268160424731999,6.937732008007175,6.088927105726098
1,0,low,59,8.430461121942727,8.18885047614732,7.084906837165624,6.230700143950701,5.676894206157622
1,0,low,16,9.258777002279235,10.725773921998922,4.743670908276741,10.318736169456777,7.825443869417889
1,0,low,23,7.311909360623467,8.33664507603958,7.2002536799765,7.9328723975817494,5.459469382450974
1,1,low,2,6.776293981720483,12.323431201808013,9.629069793658935,3.0,9.100348910322076
1,1,med,11,3.0,6.567281129978093,10.136040411585599,8.530667494994338,8.80399843553705
1,0,low,24,4.3429910267370575,3.310672358561588,6.987097308866598,3.0,15.075354376697357
1,0,low,4,5.997797142411855,5.635345952005015,13.257585223212391,9.42184429151817,6.8891627913411675
1,0,low,1,10.4999653993005,8.14549192346353,11.359514658651097,8.684373312983544,8.580052077617925
1,0,low,25,7.808718583417953,5.163763418671695,5.728959561569601,7.388144939658705,10.325549929367115
1,1,med,7,5.541124186323677,6.282682977653161,4.234329616750773,7.514482378086138,6.085703699931734
1,1,low,8,12.539133157294312,9.728192119954121,4.416544789380914,11.52552430944642,3.0
1,1,low,7,13.235363383009176,3.671542379349079,9.471441725413143,3.0,10.180338787779387
1,0,low,16,5.130596794347702,10.80733696526163,7.615628096130527,9.88119331237153,13.623959624889025
1,0,low,23,8.535807068369731,7.448548070027841,12.67889004965616,10.291587231195322,9.474437884354282
1,0,low,12,10.300150032146362,3.876863044675267,6.230545950491983,14.202696390730557,6.117389242119428
1,0,low,4,7.33485434632914,7.643226398371347,6.3579750869336,9.006947741657344,12.818747097720674
1,0,low,15,9.414761230642924,8.696782394007522,10.6164859637881,7.287934501889529,3.8339553605202346
1,0,med,12,5.444445603527728,14.901349984904215,7.791241234464337,5.180201727547403,8.136266363092906
1,1,low,11,11.90388222293737,7.858942842490773,3.0,5.420295970454138,5.579937992310587
1,1,low,9,10.860479148273171,12.123655161616472,7.282336474076838,3.0,3.7733217403108954
1,0,low,4,11.71802293719942,6.058115822659605,5.571316880075978,5.034215110397659,9.954515729326108
1,0,low,3,6.594674439768909,7.536481697824399,3.138846805019149,9.526366592613117,13.382505209426425
1,0,low,9,6.0099918341517675,6.39062219348431,5.256365468219311,6.5892950434183515,13.907633539424033
1,1,low,3,12.062907484038517,5.538601221746064,11.309070938314438,9.263018650558738,11.012952387033334
0,0,low,4,8.04790842569568,6.661096840723765,7.709068563984729,3.2912698758637156,7.384564148216838
1,0,low,14,9.251351501379949,9.547519185397736,9.287573419760903,4.109381229344551,6.555950465329302
1,1,low,2,7.286969334979268,8.523869129309306,7.842539029781044,8.367999602433803,6.793078530557956
1,0,low,10,9.999368821312869,8.303221551215225,9.126756375366272,7.880914362524549,9.672344218258214
1,0,low,1,5.475385780985796,9.399065845722106,9.059559293507766,3.560756748647367,5.52205239081174
1,0,low,1,11.333642004553194,5.882056842048171,3.0,3.0,5.433555281235641
1,0,low,11,3.0,6.616276319162736,5.724232909517667,12.681612983279743,7.19232598539856
1,0,low,1,9.645594393483005,6.175735338480409,9.665119509754392,11.661724349956923,11.261202989710043
1,0,low,18,7.362262749988741,5.468736964928195,11.971864606639643,10.369085557916346,7.062152847678369
1,1,low,4,7.833920459842117,7.295642060450421,5.854985828133667,5.285598998668368,9.209285249790444
1,0,low,21,3.0,8.413247274197634,8.349978365432948,7.140523487075595,9.744326299244792
1,0,low,34,3.465421662877471,5.617507085975951,11.217434727278285,8.837810543580298,8.203846100388914
1,0,low,35,7.218865921317623,8.47212174289812,7.2375275384599815,10.302329928043557,10.855443409013446
1,0,low,34,7.737910480792621,7.093301701947416,12.660340298511562,7.889309842759036,7.9121523972035686
0,0,low,15,9.712554786341592,8.600656836080528,11.201998448124154,5.223363580751586,9.966191703621282
1,0,low,14,8.541728365453263,9.641305681579894,8.859598830804764,5.876745639823319,11.228085220722644
1,0,low,4,11.750746410854333,7.0797148984058325,3.0,6.747042051779221,4.416052579186515
1,0,low,33,7.050465013300296,8.330154547453793,4.676522979737957,6.567679778821079,12.985798935502194
1,0,low,1,11.174258566328959,5.0097433081172245,3.0,4.289442527912476,6.174983206534571
1,1,low,1,10.937377272075368,6.233094510325377,7.600614060970337,3.0,10.037160534281268
1,0,low,4,5.370936495004257,4.4989961618616965,13.978259175815362,4.121192752044708,9.5027477607501
1,0,low,24,7.174558528652388,8.44677635959357,6.798048671784354,9.717721144277292,6.745426953517718
1,1,low,17,14.714692452508634,11.816288480077503,14.116280782229461,10.630764129873754,10.736538166548112
1,1,low,40,7.109542495164425,3.0,14.431888795576327,3.323796751263723,9.998978231001129
1,0,low,9,12.671998270023618,11.893671630577945,6.403633000686263,7.27610144920979,4.794702234204103
0,0,low,3,4.16582679528746,9.341366414166071,6.7480194326663225,7.064956172517552,9.33975201024068
1,1,low,17,13.360567755292333,7.795525040307965,9.194110092522699,9.033734587156697,6.875579363905841
1,0,low,22,3.0,7.385119196795532,7.136274597911438,6.447450822374467,6.223478758178992
1,0,low,27,9.743782532951132,3.0,5.719311921175798,10.74821604023254,9.131910084280404
1,0,low,26,3.271613424051389,5.085654723257651,5.392683424786164,9.09334820165208,3.0
1,0,low,13,9.641732089895722,6.948773647474044,9.75010144769793,4.949219875168129,7.197422408166469
1,0,low,15,22.51201881546852,8.136453464844715,9.070781113466655,7.352317808515261,9.770771427667889
1,0,low,10,7.596898619066084,7.019990006155543,6.965393952940834,9.162456682279494,18.14386058578353
1,0,low,14,3.0,13.911520520624773,5.76683590670797,6.806159659503529,7.957017094449324
1,0,low,33,10.350781512472361,3.280100552472949,3.7659570202470523,9.214040193810236,9.235256762792545
0,0,low,9,9.5516492043839,7.061063064079092,4.927139460074445,7.614323548730021,11.00817338386355
1,1,low,0,6.953058935646872,9.518644509159072,3.0,7.693321621368255,8.17322234355823
1,1,low,7,3.211100043408301,12.101896207377862,8.154209341917495,9.343995748426833,10.750163134957791
1,1,low,34,3.0,3.0,3.0,7.924996543384079,4.152643587082193
1,0,low,1,6.6137687781407895,9.437688749184339,3.27813356708086,4.511086974219459,9.365388812069405
1,0,low,28,6.201831524567316,3.0,6.681472236162471,3.8191321319142126,3.8023438182458102
1,0,low,0,4.993428389284167,8.392428043551273,4.901455945697249,8.372284445462677,6.646142906967453
1,0,low,23,10.517737085440466,7.989299762788462,8.328787156289366,6.014067662393525,3.0
1,1,med,13,12.32058585675334,10.525542228839015,4.099908395622659,9.162579798394408,4.738102403570458
1,0,low,19,6.571139941719537,13.10506894003787,9.452444401147584,8.815269302931204,3.0
1,1,low,16,9.387974944084194,8.545930631253139,7.223160508409741,5.956599747367645,7.362756814590182
1,0,low,83,8.689153679940418,6.410941189862473,3.855550959622251,3.0,7.112386087393591
1,0,low,10,5.315105766549702,10.116136342110883,10.354771905497433,9.078499393201701,4.4818273489068075
0,0,low,2,8.281607110285142,7.672563268468571,9.17611638399426,9.1811779809481,3.9367100347969615
1,1,low,17,8.710315110722933,5.263705420776877,10.740916357361805,7.138077337569055,5.748062137778157
1,0,low,5,11.368821163757875,12.497630401149348,4.192298160326644,8.624526181673428,9.63005128063515
1,1,low,3,8.838693611982592,7.048469754949895,8.141454630311452,10.273454441017067,5.277457856996538
1,0,low,10,12.150832429631844,5.407498312629794,4.0097684857348455,7.993786813752777,10.59155395202425
1,1,low,5,3.0,9.757321393406245,6.265192322202953,3.2874733955172237,12.237020925236148
1,0,low,17,4.729132286541439,7.091969566305906,6.145894298491319,8.150967303911356,5.773033297294369
1,0,low,1,3.0,14.261447063239201,8.447119080554895,6.798284449347611,10.266736561221744
1,0,low,7,6.585715140082047,8.997419129866396,7.503018928291723,4.682140749536052,9.69840921829983
0,0,low,10,6.8172852001493665,4.6142468153663465,12.909728869375535,8.94645216878425,12.311488115367784
1,0,low,12,10.08943157201384,12.224074295470972,10.099862261043066,12.239517181626475,4.64928425187554
1,0,low,5,3.0,9.91488424055862,5.531027573196154,6.544823137640133,6.580884499129893
1,1,low,0,14.838597572754967,7.186504851606452,4.902544788096248,3.7346463733613255,11.837649719238065
1,0,low,3,7.5694108164626845,7.718163392036659,10.778774207962512,8.855694442388582,6.9224534936410835
1,0,low,10,6.014448469094816,5.936407821594463,9.83707552833504,10.218895344773303,10.807230726533794
1,0,low,1,8.065136303006701,8.92106076480411,11.326664404016556,5.489213341121797,10.843715503148445
1,0,low,39,7.638461253668114,6.125896083831506,5.958865394795586,12.525469048244194,11.517029561460703
1,0,low,2,11.092528580912749,8.135079727178889,9.511232282897092,4.888762209517019,12.840544331617632
1,0,low,16,4.994961990718657,9.029209649121839,5.535150450510944,3.200534100238321,8.688932431704728
1,0,low,9,5.488816425710486,7.429968923979314,9.01241711546275,14.634643480705087,9.13419471762674
1,0,low,42,6.436873131022396,3.1211602711699644,6.280803237234557,10.009863210390586,8.54271468934814
1,0,low,3,4.971538050509086,7.677470104570116,6.298885112868536,12.29303287331559,8.464070825476984
0,1,low,0,3.0,8.203895100251515,6.960691502545787,10.910098324630832,9.309872764973594
1,0,low,9,14.052418953203976,11.543348203020525,8.315357701230827,7.976795662020063,7.616246708326005
1,0,low,6,11.247211679477479,4.497379418631404,4.274984667598393,6.440760251760459,9.688055192912836
1,0,low,4,6.605053185247718,7.11749094005733,10.02701768209338,5.021418453609298,7.662436059718034
1,0,low,7,9.30584411822234,8.740348534368517,9.291758012369117,9.401220726638384,6.099344087982485
1,1,low,14,3.0,10.292266811065689,8.095103919377122,7.284118983031883,4.867090675054074
1,1,low,0,10.333047925698654,8.681161803075456,10.413825602577623,11.98371104596363,8.55166611923452
1,1,low,18,10.214969139881356,7.207394723377167,6.153149980578913,8.248505881709123,6.150469015792374
0,1,low,19,11.902162119085865,9.708111951988185,7.224694659157011,7.1612168653358,9.633132824605779
1,0,low,12,11.005077768464222,4.977520094786448,9.516690083216302,8.81968694186629,12.01079353510927
0,0,low,3,8.343969279571985,14.551870390156404,11.149927080269341,3.83655445654455,7.716583789680256
1,0,low,1,7.877019584496534,10.511780159208175,10.1406217988747,10.329253083339792,8.863569403254804
1,0,low,83,7.0488943006177,11.334667226726589,9.224553281310412,9.83046376833195,12.260132840573071
1,1,low,12,5.419381902563757,11.084442732692764,12.58413604738828,7.605982713415671,7.2260396657093775
1,0,low,3,9.491080604550417,6.874733586210601,5.810773379798424,10.566309225601902,9.967712210736494
1,0,low,24,3.0,9.223555659038531,9.957159066569407,8.771325913023377,4.861830211906492
1,0,low,35,13.007371144172822,4.890070121135777,11.320672117405106,7.237293877430244,8.674953536413673
1,0,low,33,11.566699512276216,10.680306629966804,10.883646662627488,11.025054478881074,12.46696761142122
1,1,low,7,5.038840003866975,5.188155793291522,6.011663119531897,5.718973582938977,5.979711692977408
1,0,low,2,5.42628251560115,7.331717030294274,3.0,7.613955496740239,6.3495095552636025
0,0,low,36,11.206554313039126,7.4464296032443835,3.8706742575072637,5.537121306137774,10.218254595106208
1,0,low,5,6.2761211077846895,7.605176543372522,9.764163150197312,7.936127468263211,13.028847661077924
1,0,low,23,9.462822979828724,10.525854114395514,16.000889567880165,7.878393856250771,5.378485209219525
1,0,low,4,4.5944232344523,8.14869625364776,7.784193494378999,10.395327348655803,6.082288152575352
1,0,low,41,12.400544501848675,12.483094418780627,8.399078571759476,9.031516894649451,7.667633321955432
1,1,low,0,9.691003546895365,6.899473865282084,9.37307460180964,5.441133362622451,12.820273374592727
1,0,low,5,6.671255456315238,5.699869207821484,3.8680961300830585,8.015085432738902,11.697903746381975
0,0,low,24,3.9653329533591046,9.217893214467578,9.026324394225416,3.0,6.369888893142996
1,1,low,10,7.218863415994422,9.304071236849273,6.7668392067899354,5.04213669500057,7.060374843362175
1,1,med,12,8.15287221726051,9.228980907983082,10.1832099748422,4.60737992923738,7.85284541231387
1,1,low,10,9.20989278809006,6.393598035903317,3.582362280851715,11.439019262324774,14.064811886601689
1,0,low,7,10.547137622161127,8.567437391813451,4.285812829923189,9.549738177834211,5.850371122567388
1,0,low,23,10.123577870697485,9.325120264149446,5.354469641580618,10.694963925346306,7.8119360256644095
1,0,med,2,6.720530145741624,3.987160112970532,5.588571265966548,9.318147861699208,8.469164218712358
1,0,low,0,10.849126506704447,5.795820838935956,8.8268291114297,8.941348272348414,8.119002262193906
1,0,low,2,3.0,5.96744762343207,6.139867807424243,5.122056339356211,5.084974959492532
