hour,hour_sin,hour_cos,motion_state,displacement_m,time_since_last_interaction_min,missed_ping_count,area_risk,battery_level_percent,is_expected_active
11,0.8660254037844385,0.5000000000000003,1,12441.3,77,0,low,79,1
5,-0.5,0.8660254037844386,0,281.43,498,0,low,53,0
11,0.8660254037844385,0.5000000000000003,0,662.81,85,0,low,76,1
10,0.7071067811865476,0.7071067811865476,0,498.25,85,0,low,72,1
15,0.8660254037844387,-0.4999999999999998,1,14499.18,262,0,low,79,1
22,-0.7071067811865471,-0.7071067811865479,0,515.83,969,0,low,34,0
22,-0.7071067811865471,-0.7071067811865479,0,694.36,995,0,low,43,0
17,0.49999999999999994,-0.8660254037844387,0,458.38,374,0,low,71,1
19,5.66553889764798e-16,-1.0,0,309.08,787,0,low,80,0
18,0.258819045102521,-0.9659258262890682,0,459.6,630,0,low,62,1
19,5.66553889764798e-16,-1.0,0,315.06,616,0,low,62,0
15,0.8660254037844387,-0.4999999999999998,0,552.94,143,0,med,81,0
11,0.8660254037844385,0.5000000000000003,1,16748.07,0,0,low,72,1
3,-0.8660254037844387,0.4999999999999999,0,47.52,815,0,low,29,0
12,0.9659258262890682,0.25881904510252096,0,678.93,142,0,low,82,1
12,0.9659258262890682,0.25881904510252096,0,592.28,6,0,low,87,1
13,1.0,5.053215498074303e-16,0,620.77,0,0,low,76,1
8,0.25881904510252046,0.9659258262890683,1,4116.22,445,0,low,77,1
16,0.7071067811865479,-0.7071067811865471,1,10007.41,340,0,low,75,1
9,0.49999999999999983,0.8660254037844387,0,451.79,192,0,low,63,1
7,0.0,1.0,0,287.35,813,0,low,68,1
8,0.25881904510252046,0.9659258262890683,0,362.84,558,1,low,67,1
11,0.8660254037844385,0.5000000000000003,0,588.69,10,0,low,81,1
9,0.49999999999999983,0.8660254037844387,1,9373.01,354,0,low,69,1
13,1.0,5.053215498074303e-16,0,673.07,179,0,low,91,1
14,0.9659258262890683,-0.25881904510252085,0,650.27,165,0,low,72,1
7,0.0,1.0,1,7532.0,748,0,low,56,1
11,0.8660254037844385,0.5000000000000003,0,549.62,0,0,low,85,1
19,5.66553889764798e-16,-1.0,0,297.94,637,0,low,63,1
13,1.0,5.053215498074303e-16,0,613.81,83,0,low,88,1
15,0.8660254037844387,-0.4999999999999998,0,553.48,342,0,low,84,1
11,0.8660254037844385,0.5000000000000003,0,648.2,0,1,low,75,1
14,0.9659258262890683,-0.25881904510252085,0,597.8,177,0,low,79,0
13,1.0,5.053215498074303e-16,0,620.31,61,0,low,91,1
14,0.9659258262890683,-0.25881904510252085,1,22168.01,67,0,low,76,0
21,-0.4999999999999997,-0.8660254037844388,0,138.96,851,0,low,53,1
11,0.8660254037844385,0.5000000000000003,1,14167.49,20,0,low,75,1
16,0.7071067811865479,-0.7071067811865471,0,491.67,336,0,low,78,1
15,0.8660254037844387,-0.4999999999999998,0,549.4,23,0,low,77,0
8,0.25881904510252046,0.9659258262890683,0,487.73,409,0,low,69,1
13,1.0,5.053215498074303e-16,0,594.56,0,1,low,82,1
14,0.9659258262890683,-0.25881904510252085,0,588.69,143,0,low,80,1
15,0.8660254037844387,-0.4999999999999998,1,10801.6,409,0,low,75,1
9,0.49999999999999983,0.8660254037844387,1,15599.99,270,0,low,64,1
5,-0.5,0.8660254037844386,0,148.37,413,0,low,41,0
12,0.9659258262890682,0.25881904510252096,0,583.96,86,0,low,92,1
12,0.9659258262890682,0.25881904510252096,0,583.61,311,0,med,75,1
6,-0.2588190451025209,0.9659258262890682,0,238.52,604,0,low,53,0
12,0.9659258262890682,0.25881904510252096,1,16835.63,199,0,low,88,1
7,0.0,1.0,0,290.04,727,0,low,66,0
12,0.9659258262890682,0.25881904510252096,0,593.04,283,0,low,100,1
11,0.8660254037844385,0.5000000000000003,1,11196.28,288,0,med,73,1
2,-0.9659258262890683,0.2588190451025205,0,11.68,876,0,low,36,0
20,-0.2588190451025208,-0.9659258262890683,0,234.01,722,0,med,51,1
10,0.7071067811865476,0.7071067811865476,0,501.74,116,0,low,88,0
9,0.49999999999999983,0.8660254037844387,0,522.52,51,0,low,84,1
0,-0.9659258262890683,-0.25881904510252085,0,98.91,923,0,low,40,0
12,0.9659258262890682,0.25881904510252096,1,18415.75,0,0,low,88,1
10,0.7071067811865476,0.7071067811865476,0,518.8,325,0,low,84,0
13,1.0,5.053215498074303e-16,1,17107.58,0,0,low,95,1
16,0.7071067811865479,-0.7071067811865471,0,579.2,526,0,low,72,0
10,0.7071067811865476,0.7071067811865476,1,18053.61,139,0,med,76,1
10,0.7071067811865476,0.7071067811865476,1,14952.81,318,0,low,70,1
6,-0.2588190451025209,0.9659258262890682,0,214.5,394,0,low,62,0
15,0.8660254037844387,-0.4999999999999998,1,10044.23,232,0,low,90,1
10,0.7071067811865476,0.7071067811865476,0,530.09,357,0,low,84,1
11,0.8660254037844385,0.5000000000000003,0,558.72,0,0,low,89,1
18,0.258819045102521,-0.9659258262890682,0,381.07,348,0,low,73,0
12,0.9659258262890682,0.25881904510252096,0,596.11,0,0,low,82,1
10,0.7071067811865476,0.7071067811865476,1,17744.16,0,0,low,82,1
8,0.25881904510252046,0.9659258262890683,1,12441.45,550,0,low,68,1
9,0.49999999999999983,0.8660254037844387,1,10092.27,391,0,low,77,1
6,-0.2588190451025209,0.9659258262890682,0,234.32,581,0,low,47,0
20,-0.2588190451025208,-0.9659258262890683,0,219.73,697,0,low,45,0
11,0.8660254037844385,0.5000000000000003,1,10658.17,539,0,low,86,1
7,0.0,1.0,0,302.85,209,0,low,65,0
11,0.8660254037844385,0.5000000000000003,1,12286.91,185,0,low,81,1
17,0.49999999999999994,-0.8660254037844387,0,440.1,191,0,low,79,1
13,1.0,5.053215498074303e-16,0,608.93,159,0,low,82,1
7,0.0,1.0,0,313.27,894,0,low,52,1
15,0.8660254037844387,-0.4999999999999998,0,585.81,142,0,low,65,1
17,0.49999999999999994,-0.8660254037844387,0,440.3,337,1,low,78,0
17,0.49999999999999994,-0.8660254037844387,0,525.1,187,0,low,85,0
21,-0.4999999999999997,-0.8660254037844388,1,2375.08,683,0,low,41,1
6,-0.2588190451025209,0.9659258262890682,1,7277.55,418,0,low,62,1
23,-0.8660254037844388,-0.4999999999999996,0,127.06,786,0,low,27,0
13,1.0,5.053215498074303e-16,1,17971.74,220,0,low,77,1
12,0.9659258262890682,0.25881904510252096,0,746.13,228,0,low,80,1
15,0.8660254037844387,-0.4999999999999998,0,586.4,227,0,low,87,0
18,0.258819045102521,-0.9659258262890682,0,377.83,455,0,low,65,0
9,0.49999999999999983,0.8660254037844387,1,9680.62,479,1,low,80,1
14,0.9659258262890683,-0.25881904510252085,0,650.61,87,0,low,90,0
19,5.66553889764798e-16,-1.0,0,327.6,912,0,low,55,1
2,-0.9659258262890683,0.2588190451025205,0,22.41,949,0,low,25,0
10,0.7071067811865476,0.7071067811865476,0,505.66,216,0,low,79,0
19,5.66553889764798e-16,-1.0,0,319.23,442,0,low,56,0
6,-0.2588190451025209,0.9659258262890682,0,284.75,320,0,low,47,1
2,-0.9659258262890683,0.2588190451025205,0,16.69,751,3,med,50,0
9,0.49999999999999983,0.8660254037844387,0,703.43,149,0,low,72,0
7,0.0,1.0,0,300.92,696,0,med,58,0
20,-0.2588190451025208,-0.9659258262890683,0,223.0,812,0,low,48,0
16,0.7071067811865479,-0.7071067811865471,0,514.81,328,0,low,77,0
7,0.0,1.0,0,297.71,204,1,low,62,0
6,-0.2588190451025209,0.9659258262890682,0,452.2,831,0,low,50,1
7,0.0,1.0,0,292.24,303,0,low,57,0
15,0.8660254037844387,-0.4999999999999998,0,752.98,291,0,low,81,1
22,-0.7071067811865471,-0.7071067811865479,0,126.48,756,0,low,38,0
18,0.258819045102521,-0.9659258262890682,0,385.2,199,0,low,67,1
14,0.9659258262890683,-0.25881904510252085,0,599.14,146,0,low,97,1
3,-0.8660254037844387,0.4999999999999999,0,39.31,1177,0,low,35,0
11,0.8660254037844385,0.5000000000000003,0,564.32,236,1,low,85,0
12,0.9659258262890682,0.25881904510252096,1,16370.92,233,0,low,88,1
10,0.7071067811865476,0.7071067811865476,0,514.46,0,0,low,75,1
10,0.7071067811865476,0.7071067811865476,0,520.1,357,0,low,81,1
17,0.49999999999999994,-0.8660254037844387,1,13058.86,379,0,low,68,1
10,0.7071067811865476,0.7071067811865476,0,567.38,205,0,low,64,1
10,0.7071067811865476,0.7071067811865476,0,506.16,345,0,low,71,0
18,0.258819045102521,-0.9659258262890682,0,391.44,262,0,low,67,1
13,1.0,5.053215498074303e-16,1,15047.51,0,0,low,96,1
20,-0.2588190451025208,-0.9659258262890683,0,210.09,564,0,low,56,0
11,0.8660254037844385,0.5000000000000003,1,14605.5,32,0,low,83,1
12,0.9659258262890682,0.25881904510252096,0,601.23,159,0,low,79,1
14,0.9659258262890683,-0.25881904510252085,0,602.33,172,0,low,87,0
20,-0.2588190451025208,-0.9659258262890683,0,217.53,293,0,low,66,0
13,1.0,5.053215498074303e-16,0,602.74,0,0,low,82,0
4,-0.7071067811865477,0.7071067811865474,0,101.32,1049,2,low,38,0
10,0.7071067811865476,0.7071067811865476,0,510.33,395,1,low,62,0
17,0.49999999999999994,-0.8660254037844387,0,450.95,269,0,low,66,1
13,1.0,5.053215498074303e-16,0,612.08,298,0,low,76,1
20,-0.2588190451025208,-0.9659258262890683,0,252.88,890,0,low,48,1
13,1.0,5.053215498074303e-16,0,615.3,171,0,low,92,1
17,0.49999999999999994,-0.8660254037844387,1,11865.8,114,0,low,71,1
20,-0.2588190451025208,-0.9659258262890683,0,215.57,694,0,low,54,1
17,0.49999999999999994,-0.8660254037844387,0,465.06,291,0,low,74,0
17,0.49999999999999994,-0.8660254037844387,0,473.84,160,1,low,75,1
12,0.9659258262890682,0.25881904510252096,1,11589.91,0,0,low,77,1
10,0.7071067811865476,0.7071067811865476,0,502.87,481,0,low,90,0
16,0.7071067811865479,-0.7071067811865471,0,520.21,440,0,low,81,1
8,0.25881904510252046,0.9659258262890683,0,820.75,759,0,low,69,1
9,0.49999999999999983,0.8660254037844387,0,473.64,430,0,low,77,1
11,0.8660254037844385,0.5000000000000003,0,561.74,106,0,low,80,1
6,-0.2588190451025209,0.9659258262890682,0,238.06,711,2,med,58,0
12,0.9659258262890682,0.25881904510252096,1,17369.04,51,0,low,79,1
13,1.0,5.053215498074303e-16,0,663.5,168,0,med,87,1
11,0.8660254037844385,0.5000000000000003,0,880.77,230,0,low,82,1
12,0.9659258262890682,0.25881904510252096,0,653.35,92,0,low,90,1
9,0.49999999999999983,0.8660254037844387,1,12804.19,114,1,low,65,0
0,-0.9659258262890683,-0.25881904510252085,0,134.97,764,0,med,32,0
13,1.0,5.053215498074303e-16,0,611.82,17,0,low,87,1
17,0.49999999999999994,-0.8660254037844387,0,469.35,269,0,low,82,0
10,0.7071067811865476,0.7071067811865476,0,504.11,225,0,low,71,1
14,0.9659258262890683,-0.25881904510252085,0,592.41,104,0,low,78,1
11,0.8660254037844385,0.5000000000000003,0,550.8,40,1,low,92,1
17,0.49999999999999994,-0.8660254037844387,0,440.01,372,0,low,72,1
15,0.8660254037844387,-0.4999999999999998,1,13567.03,173,0,low,77,1
12,0.9659258262890682,0.25881904510252096,0,589.85,131,0,low,88,0
18,0.258819045102521,-0.9659258262890682,0,388.32,458,2,low,63,0
20,-0.2588190451025208,-0.9659258262890683,0,236.68,813,0,med,59,0
14,0.9659258262890683,-0.25881904510252085,1,16971.33,152,0,low,79,1
7,0.0,1.0,0,302.8,760,0,low,55,0
17,0.49999999999999994,-0.8660254037844387,0,443.19,635,1,low,56,1
7,0.0,1.0,0,296.73,449,0,low,63,0
15,0.8660254037844387,-0.4999999999999998,1,14948.99,183,0,low,90,1
17,0.49999999999999994,-0.8660254037844387,0,443.69,491,1,low,73,0
10,0.7071067811865476,0.7071067811865476,0,523.58,321,0,low,68,0
22,-0.7071067811865471,-0.7071067811865479,0,93.13,850,0,low,42,0
10,0.7071067811865476,0.7071067811865476,0,511.54,346,0,low,82,1
9,0.49999999999999983,0.8660254037844387,0,469.03,0,0,low,57,0
8,0.25881904510252046,0.9659258262890683,0,395.66,227,0,low,61,0
13,1.0,5.053215498074303e-16,1,17912.34,207,0,low,73,1
14,0.9659258262890683,-0.25881904510252085,0,596.61,18,0,low,86,1
15,0.8660254037844387,-0.4999999999999998,1,12830.73,261,1,low,77,1
22,-0.7071067811865471,-0.7071067811865479,0,86.03,937,0,low,47,0
20,-0.2588190451025208,-0.9659258262890683,0,236.74,722,0,low,64,0
12,0.9659258262890682,0.25881904510252096,0,595.17,66,0,low,92,1
11,0.8660254037844385,0.5000000000000003,0,559.93,375,0,low,82,1
17,0.49999999999999994,-0.8660254037844387,0,465.61,266,0,med,61,0
6,-0.2588190451025209,0.9659258262890682,0,213.15,574,0,low,53,0
8,0.25881904510252046,0.9659258262890683,0,423.0,296,0,low,77,0
11,0.8660254037844385,0.5000000000000003,1,8715.46,21,0,low,74,1
1,-1.0,-1.6081226496766366e-16,0,7.87,1146,0,low,25,0
13,1.0,5.053215498074303e-16,0,702.34,0,0,low,88,0
9,0.49999999999999983,0.8660254037844387,0,437.84,307,0,low,79,1
11,0.8660254037844385,0.5000000000000003,0,568.64,286,0,low,75,0
18,0.258819045102521,-0.9659258262890682,0,375.1,626,0,low,66,1
6,-0.2588190451025209,0.9659258262890682,0,225.49,991,0,low,60,0
11,0.8660254037844385,0.5000000000000003,0,554.59,192,0,low,85,0
7,0.0,1.0,0,290.87,519,0,low,60,1
4,-0.7071067811865477,0.7071067811865474,0,96.71,711,0,low,48,0
22,-0.7071067811865471,-0.7071067811865479,1,776.35,453,0,low,32,0
6,-0.2588190451025209,0.9659258262890682,0,209.5,542,0,low,47,1
19,5.66553889764798e-16,-1.0,0,312.53,824,0,low,58,0
8,0.25881904510252046,0.9659258262890683,0,382.73,294,0,low,57,1
11,0.8660254037844385,0.5000000000000003,0,577.17,67,0,low,86,1
11,0.8660254037844385,0.5000000000000003,0,575.72,47,0,low,79,1
11,0.8660254037844385,0.5000000000000003,1,17887.8,74,0,low,84,1
8,0.25881904510252046,0.9659258262890683,0,380.69,392,0,low,61,0
9,0.49999999999999983,0.8660254037844387,0,435.86,437,0,med,72,0
15,0.8660254037844387,-0.4999999999999998,0,552.8,138,0,low,66,0
17,0.49999999999999994,-0.8660254037844387,0,719.6,232,0,low,63,1
10,0.7071067811865476,0.7071067811865476,0,511.36,0,0,low,69,0
12,0.9659258262890682,0.25881904510252096,0,603.67,148,0,low,83,1
8,0.25881904510252046,0.9659258262890683,0,409.37,181,0,low,74,1
18,0.258819045102521,-0.9659258262890682,0,465.84,780,0,med,70,1
1,-1.0,-1.6081226496766366e-16,0,3.81,1175,0,low,30,0
8,0.25881904510252046,0.9659258262890683,0,377.95,348,0,low,56,1
12,0.9659258262890682,0.25881904510252096,0,710.1,0,0,low,80,0
17,0.49999999999999994,-0.8660254037844387,1,14846.81,392,0,low,78,1
12,0.9659258262890682,0.25881904510252096,0,591.76,0,0,low,80,0
14,0.9659258262890683,-0.25881904510252085,0,589.98,143,0,low,76,1
4,-0.7071067811865477,0.7071067811865474,0,97.76,1041,0,low,44,0
22,-0.7071067811865471,-0.7071067811865479,0,92.42,830,0,low,48,0
3,-0.8660254037844387,0.4999999999999999,0,50.74,1074,0,low,26,0
15,0.8660254037844387,-0.4999999999999998,0,560.99,164,0,low,79,0
14,0.9659258262890683,-0.25881904510252085,1,13675.94,165,0,low,93,1
18,0.258819045102521,-0.9659258262890682,1,13742.8,104,0,low,76,1
13,1.0,5.053215498074303e-16,1,9375.03,224,0,low,93,1
18,0.258819045102521,-0.9659258262890682,0,389.47,216,0,low,76,1
8,0.25881904510252046,0.9659258262890683,0,378.09,374,0,low,67,0
13,1.0,5.053215498074303e-16,0,599.86,247,0,low,89,1
6,-0.2588190451025209,0.9659258262890682,0,226.97,315,2,low,47,0
10,0.7071067811865476,0.7071067811865476,0,514.21,295,0,low,92,0
11,0.8660254037844385,0.5000000000000003,0,570.91,147,0,low,67,1
16,0.7071067811865479,-0.7071067811865471,1,16957.14,0,0,low,66,1
9,0.49999999999999983,0.8660254037844387,0,456.44,360,0,low,79,1
17,0.49999999999999994,-0.8660254037844387,0,481.92,141,1,low,75,1
15,0.8660254037844387,-0.4999999999999998,1,14881.53,310,0,low,94,1
8,0.25881904510252046,0.9659258262890683,1,10713.47,214,0,low,70,1
11,0.8660254037844385,0.5000000000000003,1,12951.66,91,0,low,80,1
8,0.25881904510252046,0.9659258262890683,0,394.56,278,0,low,64,0
17,0.49999999999999994,-0.8660254037844387,0,587.09,539,0,low,84,1
15,0.8660254037844387,-0.4999999999999998,0,578.22,319,0,med,93,1
10,0.7071067811865476,0.7071067811865476,0,511.1,216,1,low,59,0
11,0.8660254037844385,0.5000000000000003,1,11027.71,528,0,low,89,1
11,0.8660254037844385,0.5000000000000003,0,573.04,255,0,low,68,1
14,0.9659258262890683,-0.25881904510252085,0,591.07,0,0,low,78,0
14,0.9659258262890683,-0.25881904510252085,0,602.2,58,0,low,83,0
10,0.7071067811865476,0.7071067811865476,0,505.94,363,0,low,68,1
20,-0.2588190451025208,-0.9659258262890683,0,276.63,813,0,low,49,1
13,1.0,5.053215498074303e-16,1,16338.4,0,1,low,79,1
14,0.9659258262890683,-0.25881904510252085,1,16304.14,279,0,low,63,1
10,0.7071067811865476,0.7071067811865476,0,534.16,41,0,low,84,1
16,0.7071067811865479,-0.7071067811865471,0,887.06,260,0,low,66,0
0,-0.9659258262890683,-0.25881904510252085,0,17.34,822,0,low,42,0
14,0.9659258262890683,-0.25881904510252085,1,16887.03,313,0,low,80,1
11,0.8660254037844385,0.5000000000000003,0,649.8,112,0,low,93,0
16,0.7071067811865479,-0.7071067811865471,1,15595.37,202,0,low,85,1
8,0.25881904510252046,0.9659258262890683,0,380.88,192,0,low,76,0
16,0.7071067811865479,-0.7071067811865471,0,710.03,146,0,low,83,0
19,5.66553889764798e-16,-1.0,1,9191.91,331,0,low,54,1
9,0.49999999999999983,0.8660254037844387,0,521.46,369,1,low,69,0
4,-0.7071067811865477,0.7071067811865474,0,91.08,874,0,low,51,0
18,0.258819045102521,-0.9659258262890682,0,367.15,270,0,low,70,0
17,0.49999999999999994,-0.8660254037844387,1,15406.33,411,0,low,74,1
14,0.9659258262890683,-0.25881904510252085,0,745.35,98,0,low,79,0
9,0.49999999999999983,0.8660254037844387,0,490.12,406,0,low,72,1
9,0.49999999999999983,0.8660254037844387,0,437.74,0,0,low,70,1
16,0.7071067811865479,-0.7071067811865471,1,6070.9,202,0,low,67,1
10,0.7071067811865476,0.7071067811865476,0,779.16,274,0,low,77,0
15,0.8660254037844387,-0.4999999999999998,0,565.44,317,1,low,75,0
12,0.9659258262890682,0.25881904510252096,0,584.8,220,0,low,100,0
16,0.7071067811865479,-0.7071067811865471,0,504.85,472,0,low,94,1
10,0.7071067811865476,0.7071067811865476,0,507.8,448,0,low,70,0
11,0.8660254037844385,0.5000000000000003,0,554.16,275,0,low,79,1
11,0.8660254037844385,0.5000000000000003,1,17800.58,58,0,low,67,1
9,0.49999999999999983,0.8660254037844387,0,450.71,343,0,med,70,1
12,0.9659258262890682,0.25881904510252096,0,608.76,1,0,med,80,1
10,0.7071067811865476,0.7071067811865476,0,519.88,175,0,low,77,0
8,0.25881904510252046,0.9659258262890683,0,374.23,389,1,low,60,1
7,0.0,1.0,0,299.38,417,0,low,65,1
16,0.7071067811865479,-0.7071067811865471,1,17035.5,416,0,low,83,1
17,0.49999999999999994,-0.8660254037844387,1,8551.61,305,0,low,76,1
13,1.0,5.053215498074303e-16,0,601.76,37,0,low,93,1
18,0.258819045102521,-0.9659258262890682,0,385.73,384,0,low,65,0
17,0.49999999999999994,-0.8660254037844387,1,10124.66,657,0,low,77,1
16,0.7071067811865479,-0.7071067811865471,0,657.46,344,0,low,92,1
23,-0.8660254037844388,-0.4999999999999996,0,63.3,844,0,low,36,0
1,-1.0,-1.6081226496766366e-16,0,15.91,754,0,low,43,0
18,0.258819045102521,-0.9659258262890682,1,5915.12,427,0,low,65,1
17,0.49999999999999994,-0.8660254037844387,0,445.57,207,0,high,67,1
19,5.66553889764798e-16,-1.0,0,282.28,588,0,low,55,1
18,0.258819045102521,-0.9659258262890682,0,384.27,266,0,low,69,0
12,0.9659258262890682,0.25881904510252096,0,587.57,115,1,low,90,1
12,0.9659258262890682,0.25881904510252096,0,667.39,33,0,low,82,1
21,-0.4999999999999997,-0.8660254037844388,0,292.78,709,0,low,61,0
13,1.0,5.053215498074303e-16,1,14165.64,259,0,low,80,1
12,0.9659258262890682,0.25881904510252096,1,17850.87,292,0,low,80,1
14,0.9659258262890683,-0.25881904510252085,1,21641.4,120,0,low,78,1
16,0.7071067811865479,-0.7071067811865471,0,502.59,208,0,low,70,1
8,0.25881904510252046,0.9659258262890683,0,583.58,546,0,low,71,0
17,0.49999999999999994,-0.8660254037844387,0,496.5,392,0,low,68,0
4,-0.7071067811865477,0.7071067811865474,0,88.38,576,0,low,47,0
12,0.9659258262890682,0.25881904510252096,0,596.9,0,0,low,72,1
3,-0.8660254037844387,0.4999999999999999,0,196.95,802,0,low,23,0
9,0.49999999999999983,0.8660254037844387,1,9713.93,240,0,low,76,1
10,0.7071067811865476,0.7071067811865476,0,516.11,285,0,low,84,0
16,0.7071067811865479,-0.7071067811865471,1,13812.54,151,0,low,83,1
10,0.7071067811865476,0.7071067811865476,1,11118.49,180,0,low,79,1
21,-0.4999999999999997,-0.8660254037844388,0,194.07,778,0,low,50,0
8,0.25881904510252046,0.9659258262890683,1,14488.55,647,0,low,70,1
22,-0.7071067811865471,-0.7071067811865479,0,99.63,1132,0,low,33,1
19,5.66553889764798e-16,-1.0,0,303.69,399,0,low,59,1
11,0.8660254037844385,0.5000000000000003,0,577.02,435,0,low,74,1
12,0.9659258262890682,0.25881904510252096,1,20990.36,0,0,med,75,1
3,-0.8660254037844387,0.4999999999999999,0,48.45,984,0,low,35,0
15,0.8660254037844387,-0.4999999999999998,0,614.53,41,0,low,91,1
7,0.0,1.0,0,311.57,326,0,low,61,0
8,0.25881904510252046,0.9659258262890683,0,361.31,718,0,low,78,0
13,1.0,5.053215498074303e-16,0,747.78,70,0,low,77,0
10,0.7071067811865476,0.7071067811865476,0,498.45,173,0,low,83,1
19,5.66553889764798e-16,-1.0,0,465.62,509,0,low,64,0
9,0.49999999999999983,0.8660254037844387,1,7562.92,474,1,low,80,1
14,0.9659258262890683,-0.25881904510252085,0,722.74,92,0,low,100,0
13,1.0,5.053215498074303e-16,0,607.09,259,0,low,90,0
18,0.258819045102521,-0.9659258262890682,0,389.56,370,0,low,76,1
2,-0.9659258262890683,0.2588190451025205,0,14.69,768,0,low,33,0
4,-0.7071067811865477,0.7071067811865474,0,106.44,920,3,low,37,0
14,0.9659258262890683,-0.25881904510252085,1,13135.05,73,0,med,81,0
19,5.66553889764798e-16,-1.0,0,488.0,526,0,low,50,0
11,0.8660254037844385,0.5000000000000003,1,15557.78,132,0,low,81,1
14,0.9659258262890683,-0.25881904510252085,0,661.25,134,0,low,80,1
16,0.7071067811865479,-0.7071067811865471,0,521.85,141,0,low,76,1
14,0.9659258262890683,-0.25881904510252085,0,1005.63,280,0,low,88,1
10,0.7071067811865476,0.7071067811865476,0,500.58,126,0,low,84,0
22,-0.7071067811865471,-0.7071067811865479,0,197.87,729,0,low,48,0
9,0.49999999999999983,0.8660254037844387,0,447.13,164,0,low,79,1
17,0.49999999999999994,-0.8660254037844387,0,594.61,628,0,low,81,1
14,0.9659258262890683,-0.25881904510252085,0,606.08,182,0,low,71,0
12,0.9659258262890682,0.25881904510252096,0,572.63,75,0,low,65,1
17,0.49999999999999994,-0.8660254037844387,0,454.1,271,0,low,68,1
3,-0.8660254037844387,0.4999999999999999,0,51.9,1158,0,low,43,0
11,0.8660254037844385,0.5000000000000003,1,11290.43,219,0,low,80,1
1,-1.0,-1.6081226496766366e-16,0,79.46,757,0,low,32,0
12,0.9659258262890682,0.25881904510252096,0,578.05,0,0,low,88,1
14,0.9659258262890683,-0.25881904510252085,0,732.66,25,0,low,77,1
9,0.49999999999999983,0.8660254037844387,0,453.38,540,0,low,63,0
12,0.9659258262890682,0.25881904510252096,0,590.64,304,0,low,78,0
16,0.7071067811865479,-0.7071067811865471,0,513.02,243,0,low,89,0
10,0.7071067811865476,0.7071067811865476,0,502.18,134,0,low,73,0
13,1.0,5.053215498074303e-16,0,637.32,352,0,low,81,0
8,0.25881904510252046,0.9659258262890683,0,364.86,393,0,low,67,1
2,-0.9659258262890683,0.2588190451025205,0,29.68,1300,2,low,28,0
18,0.258819045102521,-0.9659258262890682,0,521.29,136,0,low,59,0
11,0.8660254037844385,0.5000000000000003,0,565.6,136,0,low,90,0
16,0.7071067811865479,-0.7071067811865471,0,510.69,132,0,low,79,1
21,-0.4999999999999997,-0.8660254037844388,0,155.76,564,0,low,47,0
13,1.0,5.053215498074303e-16,0,709.66,97,0,low,81,1
18,0.258819045102521,-0.9659258262890682,0,359.81,406,0,low,74,1
1,-1.0,-1.6081226496766366e-16,0,0.82,502,0,low,41,0
15,0.8660254037844387,-0.4999999999999998,0,562.37,60,0,med,83,1
19,5.66553889764798e-16,-1.0,0,313.06,847,1,low,73,0
6,-0.2588190451025209,0.9659258262890682,0,223.88,550,0,low,54,1
8,0.25881904510252046,0.9659258262890683,0,392.37,677,0,low,68,0
22,-0.7071067811865471,-0.7071067811865479,0,141.63,1018,0,low,49,0
12,0.9659258262890682,0.25881904510252096,1,10946.31,0,0,low,77,1
13,1.0,5.053215498074303e-16,0,598.43,218,0,low,82,0
11,0.8660254037844385,0.5000000000000003,0,548.54,0,0,low,78,1
10,0.7071067811865476,0.7071067811865476,0,515.78,286,0,low,72,1
15,0.8660254037844387,-0.4999999999999998,0,570.76,0,0,low,82,1
14,0.9659258262890683,-0.25881904510252085,0,590.6,100,0,low,77,1
11,0.8660254037844385,0.5000000000000003,0,612.26,184,0,low,75,1
7,0.0,1.0,0,298.74,425,0,low,57,1
12,0.9659258262890682,0.25881904510252096,1,12772.92,0,0,low,81,1
8,0.25881904510252046,0.9659258262890683,0,488.69,466,0,low,62,1
13,1.0,5.053215498074303e-16,0,590.06,220,0,low,72,0
8,0.25881904510252046,0.9659258262890683,1,15123.68,188,0,low,64,1
8,0.25881904510252046,0.9659258262890683,0,404.32,880,0,low,73,0
18,0.258819045102521,-0.9659258262890682,0,372.08,179,0,low,66,0
11,0.8660254037844385,0.5000000000000003,0,550.74,0,0,low,84,1
10,0.7071067811865476,0.7071067811865476,0,506.42,1,0,low,75,1
12,0.9659258262890682,0.25881904510252096,0,595.37,394,0,med,81,1
12,0.9659258262890682,0.25881904510252096,1,16603.47,212,1,low,81,1
16,0.7071067811865479,-0.7071067811865471,1,12802.28,278,0,low,83,1
13,1.0,5.053215498074303e-16,1,15649.12,107,0,low,80,1
20,-0.2588190451025208,-0.9659258262890683,0,216.74,614,0,low,68,0
17,0.49999999999999994,-0.8660254037844387,0,457.28,606,0,low,69,1
17,0.49999999999999994,-0.8660254037844387,1,11635.64,555,0,low,62,1
19,5.66553889764798e-16,-1.0,0,286.84,538,2,low,46,1
9,0.49999999999999983,0.8660254037844387,0,554.53,0,0,low,69,0
1,-1.0,-1.6081226496766366e-16,0,0.0,1034,0,low,39,0
6,-0.2588190451025209,0.9659258262890682,0,232.89,584,0,low,40,0
10,0.7071067811865476,0.7071067811865476,0,508.62,409,0,low,93,0
19,5.66553889764798e-16,-1.0,0,319.11,502,0,low,53,1
2,-0.9659258262890683,0.2588190451025205,0,4.89,968,0,low,39,0
10,0.7071067811865476,0.7071067811865476,0,514.5,502,1,low,81,1
17,0.49999999999999994,-0.8660254037844387,0,455.84,268,0,low,76,1
13,1.0,5.053215498074303e-16,0,632.74,0,0,low,80,0
13,1.0,5.053215498074303e-16,0,628.14,108,0,low,93,1
8,0.25881904510252046,0.9659258262890683,0,390.24,319,0,low,64,1
9,0.49999999999999983,0.8660254037844387,0,448.78,342,0,low,80,1
17,0.49999999999999994,-0.8660254037844387,0,439.79,181,0,low,74,0
16,0.7071067811865479,-0.7071067811865471,1,10868.68,95,0,low,85,1
18,0.258819045102521,-0.9659258262890682,0,371.43,437,0,low,82,1
17,0.49999999999999994,-0.8660254037844387,1,10911.39,212,1,low,69,1
13,1.0,5.053215498074303e-16,0,593.24,0,0,med,91,1
8,0.25881904510252046,0.9659258262890683,1,14972.9,540,0,low,70,1
15,0.8660254037844387,-0.4999999999999998,0,652.6,197,0,low,79,1
13,1.0,5.053215498074303e-16,0,607.52,0,0,low,81,1
13,1.0,5.053215498074303e-16,1,11919.78,12,0,low,88,1
12,0.9659258262890682,0.25881904510252096,0,726.82,157,0,low,78,0
8,0.25881904510252046,0.9659258262890683,1,12103.61,638,0,low,60,1
15,0.8660254037844387,-0.4999999999999998,0,553.61,190,0,low,80,1
13,1.0,5.053215498074303e-16,1,15108.46,290,0,low,86,1
15,0.8660254037844387,-0.4999999999999998,1,14687.73,33,0,low,79,1
11,0.8660254037844385,0.5000000000000003,1,12783.96,348,0,low,74,1
10,0.7071067811865476,0.7071067811865476,0,536.2,284,0,low,72,1
19,5.66553889764798e-16,-1.0,0,309.61,423,0,low,56,1
8,0.25881904510252046,0.9659258262890683,0,394.59,553,0,low,68,1
13,1.0,5.053215498074303e-16,0,630.91,435,0,low,81,1
15,0.8660254037844387,-0.4999999999999998,1,16185.22,0,0,low,92,1
12,0.9659258262890682,0.25881904510252096,0,586.72,1,0,low,79,1
12,0.9659258262890682,0.25881904510252096,1,16297.0,390,0,low,85,1
11,0.8660254037844385,0.5000000000000003,0,627.42,180,0,low,82,1
12,0.9659258262890682,0.25881904510252096,0,596.28,24,0,low,75,1
5,-0.5,0.8660254037844386,0,149.2,902,0,low,42,0
19,5.66553889764798e-16,-1.0,0,307.08,815,0,med,63,1
9,0.49999999999999983,0.8660254037844387,1,12683.85,382,0,low,81,1
12,0.9659258262890682,0.25881904510252096,0,601.72,253,0,low,67,1
8,0.25881904510252046,0.9659258262890683,0,386.66,220,0,low,73,1
7,0.0,1.0,0,505.84,483,0,low,56,0
3,-0.8660254037844387,0.4999999999999999,0,43.64,617,0,low,42,0
5,-0.5,0.8660254037844386,0,136.6,967,0,low,52,0
14,0.9659258262890683,-0.25881904510252085,0,596.87,14,0,low,81,1
21,-0.4999999999999997,-0.8660254037844388,1,0.0,844,0,low,49,0
7,0.0,1.0,0,301.7,517,0,low,60,0
8,0.25881904510252046,0.9659258262890683,0,366.13,428,0,low,66,0
21,-0.4999999999999997,-0.8660254037844388,0,155.01,657,0,low,39,0
13,1.0,5.053215498074303e-16,0,587.64,115,0,low,75,1
14,0.9659258262890683,-0.25881904510252085,1,18198.8,93,1,low,97,1
12,0.9659258262890682,0.25881904510252096,0,844.24,208,0,low,90,1
11,0.8660254037844385,0.5000000000000003,1,20113.78,0,0,low,68,1
1,-1.0,-1.6081226496766366e-16,0,0.0,688,0,low,38,0
11,0.8660254037844385,0.5000000000000003,0,561.42,205,0,low,77,0
18,0.258819045102521,-0.9659258262890682,0,369.64,272,2,low,77,0
16,0.7071067811865479,-0.7071067811865471,0,646.02,465,0,low,84,1
17,0.49999999999999994,-0.8660254037844387,0,459.33,365,0,low,68,0
12,0.9659258262890682,0.25881904510252096,0,671.14,0,0,low,100,1
14,0.9659258262890683,-0.25881904510252085,0,591.12,0,0,low,100,0
10,0.7071067811865476,0.7071067811865476,1,14331.53,274,0,low,73,1
13,1.0,5.053215498074303e-16,1,13964.4,0,0,low,93,1
15,0.8660254037844387,-0.4999999999999998,0,564.36,56,0,low,70,1
1,-1.0,-1.6081226496766366e-16,0,11.33,1072,0,low,30,0
17,0.49999999999999994,-0.8660254037844387,0,466.89,369,0,low,58,0
13,1.0,5.053215498074303e-16,0,590.65,120,0,low,83,1
17,0.49999999999999994,-0.8660254037844387,1,8438.83,166,0,low,76,1
3,-0.8660254037844387,0.4999999999999999,0,34.7,501,2,low,48,0
13,1.0,5.053215498074303e-16,1,14673.84,104,0,med,89,1
10,0.7071067811865476,0.7071067811865476,1,10046.23,242,0,low,79,1
8,0.25881904510252046,0.9659258262890683,0,372.89,472,0,low,66,0
19,5.66553889764798e-16,-1.0,0,309.01,295,0,low,48,1
19,5.66553889764798e-16,-1.0,0,300.32,708,0,low,68,1
14,0.9659258262890683,-0.25881904510252085,0,591.76,472,1,low,87,1
16,0.7071067811865479,-0.7071067811865471,1,13594.42,371,1,med,88,1
13,1.0,5.053215498074303e-16,0,603.18,266,0,low,90,1
20,-0.2588190451025208,-0.9659258262890683,0,300.35,478,0,low,61,0
6,-0.2588190451025209,0.9659258262890682,1,6658.31,534,0,low,46,1
9,0.49999999999999983,0.8660254037844387,0,460.59,88,1,low,60,1
15,0.8660254037844387,-0.4999999999999998,1,11361.74,368,0,low,71,1
8,0.25881904510252046,0.9659258262890683,0,421.71,341,0,low,60,0
15,0.8660254037844387,-0.4999999999999998,0,611.33,142,0,low,77,1
19,5.66553889764798e-16,-1.0,0,293.44,355,0,low,66,0
0,-0.9659258262890683,-0.25881904510252085,0,6.85,761,0,low,26,0
9,0.49999999999999983,0.8660254037844387,0,445.41,323,0,low,70,1
15,0.8660254037844387,-0.4999999999999998,1,14664.95,5,0,low,87,1
18,0.258819045102521,-0.9659258262890682,0,500.09,330,0,low,66,0
18,0.258819045102521,-0.9659258262890682,1,5536.31,622,0,low,67,0
12,0.9659258262890682,0.25881904510252096,0,591.22,0,1,low,75,1
4,-0.7071067811865477,0.7071067811865474,0,87.87,762,0,low,53,0
11,0.8660254037844385,0.5000000000000003,1,18577.07,183,0,low,85,0
15,0.8660254037844387,-0.4999999999999998,0,575.94,29,0,low,79,1
11,0.8660254037844385,0.5000000000000003,0,558.78,282,0,low,87,1
11,0.8660254037844385,0.5000000000000003,1,12813.0,207,0,low,72,1
0,-0.9659258262890683,-0.25881904510252085,0,165.73,1253,0,low,26,0
6,-0.2588190451025209,0.9659258262890682,0,201.7,501,0,low,55,1
13,1.0,5.053215498074303e-16,0,619.15,173,0,low,88,0
10,0.7071067811865476,0.7071067811865476,0,502.88,0,0,low,75,1
0,-0.9659258262890683,-0.25881904510252085,0,81.35,913,3,low,43,0
19,5.66553889764798e-16,-1.0,0,421.72,462,0,low,54,1
5,-0.5,0.8660254037844386,1,7661.72,672,0,low,47,1
7,0.0,1.0,0,286.68,328,0,low,60,0
8,0.25881904510252046,0.9659258262890683,1,6543.13,179,0,med,69,1
14,0.9659258262890683,-0.25881904510252085,0,816.2,21,0,low,90,1
16,0.7071067811865479,-0.7071067811865471,0,522.62,343,0,low,71,1
7,0.0,1.0,0,311.87,515,0,low,61,1
7,0.0,1.0,0,301.74,623,0,low,71,0
10,0.7071067811865476,0.7071067811865476,0,520.92,572,0,low,70,1
5,-0.5,0.8660254037844386,0,324.18,614,1,low,48,0
10,0.7071067811865476,0.7071067811865476,1,19330.9,367,0,low,81,1
8,0.25881904510252046,0.9659258262890683,0,387.05,490,0,low,72,1
16,0.7071067811865479,-0.7071067811865471,1,12363.14,246,0,low,67,1
11,0.8660254037844385,0.5000000000000003,1,14623.06,0,0,low,76,1
17,0.49999999999999994,-0.8660254037844387,0,442.83,524,0,low,78,1
17,0.49999999999999994,-0.8660254037844387,0,443.24,797,0,low,70,0
17,0.49999999999999994,-0.8660254037844387,1,5962.5,258,0,low,69,1
23,-0.8660254037844388,-0.4999999999999996,0,50.69,801,0,low,37,0
22,-0.7071067811865471,-0.7071067811865479,0,101.83,1064,2,low,37,0
16,0.7071067811865479,-0.7071067811865471,0,587.11,1,0,low,83,0
20,-0.2588190451025208,-0.9659258262890683,0,242.34,445,0,low,63,0
17,0.49999999999999994,-0.8660254037844387,0,748.38,320,0,low,69,0
20,-0.2588190451025208,-0.9659258262890683,0,233.28,719,0,low,55,0
10,0.7071067811865476,0.7071067811865476,0,587.37,195,0,low,67,1
12,0.9659258262890682,0.25881904510252096,1,18680.7,232,0,low,85,1
15,0.8660254037844387,-0.4999999999999998,0,629.2,2,0,low,87,0
22,-0.7071067811865471,-0.7071067811865479,0,87.31,941,0,low,42,0
13,1.0,5.053215498074303e-16,0,618.45,0,0,low,88,0
15,0.8660254037844387,-0.4999999999999998,0,867.67,351,0,low,87,1
17,0.49999999999999994,-0.8660254037844387,0,455.53,291,0,low,69,0
18,0.258819045102521,-0.9659258262890682,1,5253.44,721,0,low,68,1
5,-0.5,0.8660254037844386,0,166.68,726,0,low,49,1
12,0.9659258262890682,0.25881904510252096,0,740.53,6,0,low,89,1
13,1.0,5.053215498074303e-16,0,606.21,166,0,low,98,1
8,0.25881904510252046,0.9659258262890683,0,384.15,352,0,low,66,0
15,0.8660254037844387,-0.4999999999999998,0,559.62,0,0,low,85,1
8,0.25881904510252046,0.9659258262890683,0,415.7,274,0,low,61,1
16,0.7071067811865479,-0.7071067811865471,0,513.73,200,0,low,77,1
17,0.49999999999999994,-0.8660254037844387,0,489.17,246,0,low,75,0
10,0.7071067811865476,0.7071067811865476,0,515.25,59,0,low,81,1
19,5.66553889764798e-16,-1.0,0,310.39,525,0,low,70,1
14,0.9659258262890683,-0.25881904510252085,0,601.87,278,0,low,95,1
13,1.0,5.053215498074303e-16,0,607.15,108,0,low,88,0
12,0.9659258262890682,0.25881904510252096,1,16482.55,338,0,low,83,1
21,-0.4999999999999997,-0.8660254037844388,0,158.95,952,0,low,50,0
13,1.0,5.053215498074303e-16,1,13905.56,175,0,low,90,1
8,0.25881904510252046,0.9659258262890683,0,370.99,160,0,low,82,0
9,0.49999999999999983,0.8660254037844387,0,535.92,130,0,low,74,1
20,-0.2588190451025208,-0.9659258262890683,1,7374.12,800,0,low,54,1
11,0.8660254037844385,0.5000000000000003,0,711.23,125,1,low,80,0
17,0.49999999999999994,-0.8660254037844387,0,440.59,130,0,low,83,1
9,0.49999999999999983,0.8660254037844387,0,440.24,270,1,med,44,1
13,1.0,5.053215498074303e-16,0,621.18,381,0,low,88,1
19,5.66553889764798e-16,-1.0,0,492.47,415,0,low,61,1
17,0.49999999999999994,-0.8660254037844387,1,8784.48,70,0,med,82,1
13,1.0,5.053215498074303e-16,1,16188.79,199,0,low,78,1
19,5.66553889764798e-16,-1.0,0,367.29,705,2,low,55,0
18,0.258819045102521,-0.9659258262890682,0,390.19,502,0,low,66,0
9,0.49999999999999983,0.8660254037844387,1,10611.77,432,0,low,63,1
7,0.0,1.0,0,291.79,561,0,med,48,1
8,0.25881904510252046,0.9659258262890683,0,472.26,209,0,low,61,1
23,-0.8660254037844388,-0.4999999999999996,0,36.52,970,0,low,44,0
15,0.8660254037844387,-0.4999999999999998,0,555.89,281,0,low,77,1
16,0.7071067811865479,-0.7071067811865471,1,11457.97,72,0,low,85,1
13,1.0,5.053215498074303e-16,1,11286.26,112,0,low,91,1
19,5.66553889764798e-16,-1.0,0,307.99,416,0,low,76,0
19,5.66553889764798e-16,-1.0,0,293.73,544,2,low,60,0
19,5.66553889764798e-16,-1.0,0,298.18,447,0,low,47,1
18,0.258819045102521,-0.9659258262890682,1,12584.17,110,0,low,55,1
7,0.0,1.0,0,293.47,640,0,low,71,1
11,0.8660254037844385,0.5000000000000003,0,553.19,278,0,low,74,1
12,0.9659258262890682,0.25881904510252096,0,828.03,0,0,low,65,1
10,0.7071067811865476,0.7071067811865476,0,606.58,461,0,low,75,1
14,0.9659258262890683,-0.25881904510252085,0,575.4,0,0,low,82,1
11,0.8660254037844385,0.5000000000000003,1,14059.5,121,0,low,80,1
9,0.49999999999999983,0.8660254037844387,0,452.03,324,0,low,83,1
17,0.49999999999999994,-0.8660254037844387,0,625.88,0,0,low,85,0
13,1.0,5.053215498074303e-16,1,16183.03,314,0,low,83,1
11,0.8660254037844385,0.5000000000000003,0,576.29,143,0,low,89,1
9,0.49999999999999983,0.8660254037844387,0,436.03,276,0,low,66,0
13,1.0,5.053215498074303e-16,0,591.02,243,0,low,76,1
18,0.258819045102521,-0.9659258262890682,0,390.04,501,0,low,79,1
20,-0.2588190451025208,-0.9659258262890683,0,228.24,605,0,low,43,0
8,0.25881904510252046,0.9659258262890683,1,6889.56,380,0,low,64,1
16,0.7071067811865479,-0.7071067811865471,0,547.54,232,0,low,72,0
10,0.7071067811865476,0.7071067811865476,1,11816.68,133,0,low,79,1
13,1.0,5.053215498074303e-16,0,610.47,126,0,low,87,1
15,0.8660254037844387,-0.4999999999999998,0,564.54,152,0,low,71,1
12,0.9659258262890682,0.25881904510252096,1,16772.72,0,0,low,82,1
5,-0.5,0.8660254037844386,0,139.69,730,0,low,39,0
11,0.8660254037844385,0.5000000000000003,0,626.34,140,0,low,82,1
8,0.25881904510252046,0.9659258262890683,0,622.27,747,0,low,74,1
10,0.7071067811865476,0.7071067811865476,1,14474.67,160,0,low,68,1
14,0.9659258262890683,-0.25881904510252085,1,14319.21,128,0,low,94,0
23,-0.8660254037844388,-0.4999999999999996,0,47.08,710,3,low,50,0
13,1.0,5.053215498074303e-16,0,617.3,0,1,low,79,1
11,0.8660254037844385,0.5000000000000003,0,715.54,140,0,low,78,0
18,0.258819045102521,-0.9659258262890682,1,12560.98,474,1,low,72,0
21,-0.4999999999999997,-0.8660254037844388,0,280.17,844,0,low,49,1
15,0.8660254037844387,-0.4999999999999998,0,571.12,388,1,low,75,1
11,0.8660254037844385,0.5000000000000003,0,565.42,65,0,low,83,1
2,-0.9659258262890683,0.2588190451025205,0,68.51,1004,4,med,37,0
9,0.49999999999999983,0.8660254037844387,0,446.89,369,0,low,56,1
9,0.49999999999999983,0.8660254037844387,1,8798.39,266,0,low,82,1
14,0.9659258262890683,-0.25881904510252085,0,597.56,214,1,low,79,1
13,1.0,5.053215498074303e-16,1,14945.86,84,0,low,79,1
11,0.8660254037844385,0.5000000000000003,0,559.89,276,1,low,81,1
4,-0.7071067811865477,0.7071067811865474,0,204.43,902,2,low,35,0
18,0.258819045102521,-0.9659258262890682,0,374.66,471,0,low,62,0
10,0.7071067811865476,0.7071067811865476,1,19102.9,82,0,low,78,1
0,-0.9659258262890683,-0.25881904510252085,0,0.0,945,0,low,43,0
11,0.8660254037844385,0.5000000000000003,1,8669.46,281,0,low,82,1
18,0.258819045102521,-0.9659258262890682,0,382.41,401,0,low,60,0
6,-0.2588190451025209,0.9659258262890682,0,239.78,509,0,low,48,0
9,0.49999999999999983,0.8660254037844387,0,498.91,280,0,low,65,0
11,0.8660254037844385,0.5000000000000003,0,548.42,299,0,low,73,0
15,0.8660254037844387,-0.4999999999999998,0,603.89,320,0,low,86,1
2,-0.9659258262890683,0.2588190451025205,0,10.78,835,0,med,41,0
7,0.0,1.0,0,301.25,279,0,low,61,0
8,0.25881904510252046,0.9659258262890683,0,368.96,168,0,low,61,0
11,0.8660254037844385,0.5000000000000003,1,16458.21,243,0,low,78,1
20,-0.2588190451025208,-0.9659258262890683,0,205.9,679,0,med,61,0
8,0.25881904510252046,0.9659258262890683,0,368.96,575,0,low,73,0
22,-0.7071067811865471,-0.7071067811865479,0,95.07,776,0,low,38,1
10,0.7071067811865476,0.7071067811865476,1,10224.04,159,0,low,75,1
8,0.25881904510252046,0.9659258262890683,1,12378.99,416,0,med,64,1
8,0.25881904510252046,0.9659258262890683,1,8483.93,734,2,low,72,1
14,0.9659258262890683,-0.25881904510252085,0,595.56,145,1,low,85,0
13,1.0,5.053215498074303e-16,0,599.53,200,0,low,81,0
20,-0.2588190451025208,-0.9659258262890683,0,234.42,600,0,low,51,0
9,0.49999999999999983,0.8660254037844387,0,455.52,453,1,low,62,1
7,0.0,1.0,0,353.23,717,0,low,51,0
16,0.7071067811865479,-0.7071067811865471,0,519.21,235,0,low,89,1
10,0.7071067811865476,0.7071067811865476,0,507.82,96,0,low,81,1
16,0.7071067811865479,-0.7071067811865471,0,518.01,181,0,low,79,0
22,-0.7071067811865471,-0.7071067811865479,0,93.17,1104,0,low,46,0
14,0.9659258262890683,-0.25881904510252085,0,622.02,15,0,med,68,1
11,0.8660254037844385,0.5000000000000003,1,9397.55,182,0,low,78,1
1,-1.0,-1.6081226496766366e-16,0,5.58,1052,1,low,27,0
9,0.49999999999999983,0.8660254037844387,0,766.73,305,0,med,80,1
6,-0.2588190451025209,0.9659258262890682,0,230.09,652,0,med,51,1
16,0.7071067811865479,-0.7071067811865471,0,562.62,94,1,low,64,1
10,0.7071067811865476,0.7071067811865476,1,20669.03,671,0,low,81,1
11,0.8660254037844385,0.5000000000000003,1,13925.95,338,0,med,85,1
11,0.8660254037844385,0.5000000000000003,1,10340.25,100,0,low,85,1
7,0.0,1.0,0,310.53,360,1,low,55,0
11,0.8660254037844385,0.5000000000000003,1,13069.71,148,0,low,67,1
8,0.25881904510252046,0.9659258262890683,0,384.88,499,0,low,62,0
9,0.49999999999999983,0.8660254037844387,0,464.37,0,0,low,54,0
18,0.258819045102521,-0.9659258262890682,0,369.23,395,0,low,65,0
12,0.9659258262890682,0.25881904510252096,0,720.89,121,0,low,91,0
1,-1.0,-1.6081226496766366e-16,0,46.45,1001,0,low,28,0
7,0.0,1.0,0,307.96,599,0,low,60,1
10,0.7071067811865476,0.7071067811865476,0,499.78,160,0,low,81,0
3,-0.8660254037844387,0.4999999999999999,0,43.51,993,0,low,26,0
21,-0.4999999999999997,-0.8660254037844388,0,168.71,669,0,low,56,1
0,-0.9659258262890683,-0.25881904510252085,0,25.3,1352,0,low,25,0
13,1.0,5.053215498074303e-16,0,578.59,113,0,low,81,1
10,0.7071067811865476,0.7071067811865476,1,10141.42,274,0,low,70,0
20,-0.2588190451025208,-0.9659258262890683,0,235.32,926,0,low,56,0
19,5.66553889764798e-16,-1.0,0,310.14,277,0,low,63,0
16,0.7071067811865479,-0.7071067811865471,0,499.01,289,0,low,72,0
10,0.7071067811865476,0.7071067811865476,0,546.23,383,0,low,79,1
16,0.7071067811865479,-0.7071067811865471,0,531.56,434,0,low,85,0
11,0.8660254037844385,0.5000000000000003,0,567.54,148,0,med,90,1
16,0.7071067811865479,-0.7071067811865471,1,12487.82,178,0,low,78,1
8,0.25881904510252046,0.9659258262890683,1,8310.02,329,0,low,68,1
9,0.49999999999999983,0.8660254037844387,0,454.78,262,1,low,56,1
15,0.8660254037844387,-0.4999999999999998,0,550.36,110,0,low,83,0
9,0.49999999999999983,0.8660254037844387,1,14317.34,391,0,low,77,0
7,0.0,1.0,0,427.3,208,0,low,54,1
2,-0.9659258262890683,0.2588190451025205,0,13.37,714,0,low,35,0
11,0.8660254037844385,0.5000000000000003,0,571.57,156,0,low,83,1
8,0.25881904510252046,0.9659258262890683,0,375.27,339,0,low,76,1
10,0.7071067811865476,0.7071067811865476,1,19248.86,405,0,low,82,1
14,0.9659258262890683,-0.25881904510252085,0,605.34,108,0,med,85,0
13,1.0,5.053215498074303e-16,0,582.42,96,0,low,86,1
8,0.25881904510252046,0.9659258262890683,0,381.3,464,0,low,74,0
17,0.49999999999999994,-0.8660254037844387,1,8357.99,256,0,low,69,1
8,0.25881904510252046,0.9659258262890683,0,391.99,383,2,low,65,1
1,-1.0,-1.6081226496766366e-16,0,201.72,1151,0,low,32,0
13,1.0,5.053215498074303e-16,0,594.37,324,0,low,86,1
8,0.25881904510252046,0.9659258262890683,0,378.74,532,0,low,74,0
16,0.7071067811865479,-0.7071067811865471,1,13251.85,219,0,low,84,1
10,0.7071067811865476,0.7071067811865476,1,17063.6,247,0,med,69,1
6,-0.2588190451025209,0.9659258262890682,0,231.68,689,0,low,55,0
10,0.7071067811865476,0.7071067811865476,0,762.53,0,0,low,94,1
18,0.258819045102521,-0.9659258262890682,0,482.17,376,0,low,59,1
14,0.9659258262890683,-0.25881904510252085,0,603.13,402,0,low,81,1
18,0.258819045102521,-0.9659258262890682,0,895.05,390,1,low,72,0
19,5.66553889764798e-16,-1.0,1,9488.53,369,0,low,57,1
11,0.8660254037844385,0.5000000000000003,0,1185.21,0,0,low,85,1
18,0.258819045102521,-0.9659258262890682,1,7660.08,588,0,low,59,1
10,0.7071067811865476,0.7071067811865476,0,507.38,61,0,low,64,1
11,0.8660254037844385,0.5000000000000003,1,17324.1,0,0,low,72,1
16,0.7071067811865479,-0.7071067811865471,0,635.45,79,0,low,67,1
13,1.0,5.053215498074303e-16,0,604.13,159,0,low,77,0
23,-0.8660254037844388,-0.4999999999999996,0,173.09,1009,0,low,50,0
10,0.7071067811865476,0.7071067811865476,0,520.46,151,0,low,81,1
10,0.7071067811865476,0.7071067811865476,1,15318.42,11,0,low,74,1
12,0.9659258262890682,0.25881904510252096,1,6233.76,166,0,low,94,1
17,0.49999999999999994,-0.8660254037844387,0,436.88,89,0,low,73,0
7,0.0,1.0,0,445.24,547,0,low,67,0
9,0.49999999999999983,0.8660254037844387,0,435.84,578,0,low,65,1
7,0.0,1.0,0,289.89,568,0,low,67,0
17,0.49999999999999994,-0.8660254037844387,1,10866.85,141,1,low,72,1
8,0.25881904510252046,0.9659258262890683,0,382.54,334,0,low,69,0
9,0.49999999999999983,0.8660254037844387,0,455.66,209,0,high,68,1
16,0.7071067811865479,-0.7071067811865471,0,628.04,74,0,low,79,1
18,0.258819045102521,-0.9659258262890682,0,373.75,601,0,low,60,1
11,0.8660254037844385,0.5000000000000003,0,554.64,363,0,low,80,1
10,0.7071067811865476,0.7071067811865476,1,10950.66,0,0,low,72,1
8,0.25881904510252046,0.9659258262890683,0,394.09,687,0,low,69,1
11,0.8660254037844385,0.5000000000000003,0,569.96,540,0,low,87,1
19,5.66553889764798e-16,-1.0,0,406.48,452,0,low,61,1
11,0.8660254037844385,0.5000000000000003,0,893.25,176,0,low,84,0
10,0.7071067811865476,0.7071067811865476,1,13048.39,411,0,low,75,1
9,0.49999999999999983,0.8660254037844387,0,692.69,370,0,low,75,1
18,0.258819045102521,-0.9659258262890682,0,389.84,486,0,low,64,1
13,1.0,5.053215498074303e-16,1,19349.83,7,0,low,92,1
16,0.7071067811865479,-0.7071067811865471,0,514.92,277,1,low,80,0
6,-0.2588190451025209,0.9659258262890682,0,223.3,530,1,low,55,0
21,-0.4999999999999997,-0.8660254037844388,0,181.92,622,0,low,45,1
4,-0.7071067811865477,0.7071067811865474,0,90.91,548,0,low,47,0
8,0.25881904510252046,0.9659258262890683,0,368.55,359,0,low,66,1
9,0.49999999999999983,0.8660254037844387,0,443.41,257,0,low,71,0
9,0.49999999999999983,0.8660254037844387,0,613.42,160,0,low,68,0
8,0.25881904510252046,0.9659258262890683,0,368.34,385,0,low,75,0
9,0.49999999999999983,0.8660254037844387,0,454.65,331,0,low,57,0
9,0.49999999999999983,0.8660254037844387,0,781.32,465,0,low,80,0
7,0.0,1.0,0,713.54,632,0,low,54,1
14,0.9659258262890683,-0.25881904510252085,1,13247.96,35,0,low,84,1
14,0.9659258262890683,-0.25881904510252085,1,16596.79,0,0,low,83,1
13,1.0,5.053215498074303e-16,0,601.81,435,0,low,89,0
21,-0.4999999999999997,-0.8660254037844388,0,146.61,1168,0,low,57,1
16,0.7071067811865479,-0.7071067811865471,0,513.53,0,0,low,74,1
14,0.9659258262890683,-0.25881904510252085,0,585.53,7,0,low,91,1
13,1.0,5.053215498074303e-16,0,657.8,0,0,low,85,0
16,0.7071067811865479,-0.7071067811865471,1,18224.4,240,0,low,86,1
13,1.0,5.053215498074303e-16,0,756.78,193,0,low,88,0
10,0.7071067811865476,0.7071067811865476,0,519.45,378,0,low,75,1
18,0.258819045102521,-0.9659258262890682,0,380.63,853,0,low,62,0
10,0.7071067811865476,0.7071067811865476,0,512.88,229,0,low,82,0
12,0.9659258262890682,0.25881904510252096,0,594.89,0,0,low,79,0
18,0.258819045102521,-0.9659258262890682,1,12280.28,331,0,high,79,1
16,0.7071067811865479,-0.7071067811865471,0,520.32,437,1,low,75,1
9,0.49999999999999983,0.8660254037844387,1,15963.75,339,0,low,71,1
17,0.49999999999999994,-0.8660254037844387,0,443.37,217,0,low,71,1
13,1.0,5.053215498074303e-16,0,715.28,2,0,low,84,1
15,0.8660254037844387,-0.4999999999999998,0,563.7,30,1,low,83,1
9,0.49999999999999983,0.8660254037844387,1,6313.23,497,0,low,63,1
11,0.8660254037844385,0.5000000000000003,0,629.72,186,0,low,80,0
20,-0.2588190451025208,-0.9659258262890683,0,227.2,601,0,low,51,0
15,0.8660254037844387,-0.4999999999999998,1,13619.05,324,0,low,97,0
6,-0.2588190451025209,0.9659258262890682,0,212.48,765,0,low,61,0
11,0.8660254037844385,0.5000000000000003,1,13141.94,105,0,low,73,1
15,0.8660254037844387,-0.4999999999999998,0,560.69,108,1,low,80,1
11,0.8660254037844385,0.5000000000000003,1,15889.4,186,0,low,91,1
9,0.49999999999999983,0.8660254037844387,1,9826.31,313,0,low,80,1
17,0.49999999999999994,-0.8660254037844387,0,476.5,385,0,med,73,1
10,0.7071067811865476,0.7071067811865476,1,14797.4,167,0,low,79,1
10,0.7071067811865476,0.7071067811865476,0,510.01,382,0,low,80,0
17,0.49999999999999994,-0.8660254037844387,0,443.36,285,1,low,73,1
16,0.7071067811865479,-0.7071067811865471,1,14049.7,200,0,low,69,1
13,1.0,5.053215498074303e-16,0,603.55,39,0,low,92,0
18,0.258819045102521,-0.9659258262890682,0,392.87,455,0,low,66,1
13,1.0,5.053215498074303e-16,1,17411.89,0,0,low,81,1
11,0.8660254037844385,0.5000000000000003,0,546.24,182,0,low,67,0
9,0.49999999999999983,0.8660254037844387,1,10956.97,411,0,low,73,1
14,0.9659258262890683,-0.25881904510252085,1,6943.27,0,1,low,89,1
12,0.9659258262890682,0.25881904510252096,0,600.32,104,0,low,85,1
12,0.9659258262890682,0.25881904510252096,0,722.29,105,0,low,87,1
15,0.8660254037844387,-0.4999999999999998,1,17262.88,0,0,low,74,1
23,-0.8660254037844388,-0.4999999999999996,0,50.6,997,0,low,36,1
6,-0.2588190451025209,0.9659258262890682,0,224.05,738,0,low,68,0
23,-0.8660254037844388,-0.4999999999999996,0,40.34,738,0,low,52,0
12,0.9659258262890682,0.25881904510252096,1,14753.28,0,0,low,77,1
14,0.9659258262890683,-0.25881904510252085,1,12712.4,80,0,low,84,1
16,0.7071067811865479,-0.7071067811865471,0,511.64,149,0,low,77,0
10,0.7071067811865476,0.7071067811865476,1,16067.26,290,0,low,76,1
12,0.9659258262890682,0.25881904510252096,0,579.15,0,0,med,70,1
15,0.8660254037844387,-0.4999999999999998,1,9623.21,323,0,low,77,1
14,0.9659258262890683,-0.25881904510252085,0,586.93,132,0,low,70,1
9,0.49999999999999983,0.8660254037844387,1,15574.0,439,0,low,66,1
10,0.7071067811865476,0.7071067811865476,0,529.61,119,1,low,83,1
16,0.7071067811865479,-0.7071067811865471,1,13540.69,307,0,low,74,1
20,-0.2588190451025208,-0.9659258262890683,0,234.77,998,0,low,57,1
11,0.8660254037844385,0.5000000000000003,0,573.34,225,0,low,84,1
14,0.9659258262890683,-0.25881904510252085,1,16851.32,216,0,low,80,1
11,0.8660254037844385,0.5000000000000003,0,558.64,312,0,low,98,1
6,-0.2588190451025209,0.9659258262890682,0,232.76,643,0,low,54,0
14,0.9659258262890683,-0.25881904510252085,0,590.13,86,0,low,80,1
15,0.8660254037844387,-0.4999999999999998,0,570.47,344,1,low,71,0
8,0.25881904510252046,0.9659258262890683,0,423.15,333,0,med,60,0
8,0.25881904510252046,0.9659258262890683,0,387.65,495,0,low,77,1
12,0.9659258262890682,0.25881904510252096,0,595.25,236,1,low,80,1
9,0.49999999999999983,0.8660254037844387,0,436.78,158,0,low,78,0
9,0.49999999999999983,0.8660254037844387,1,12832.67,494,0,low,64,1
18,0.258819045102521,-0.9659258262890682,0,378.72,288,1,low,70,0
18,0.258819045102521,-0.9659258262890682,0,378.61,654,1,low,65,0
9,0.49999999999999983,0.8660254037844387,0,456.99,270,1,low,66,0
6,-0.2588190451025209,0.9659258262890682,0,212.57,847,0,low,46,1
12,0.9659258262890682,0.25881904510252096,0,575.81,124,0,low,68,0
21,-0.4999999999999997,-0.8660254037844388,0,148.46,802,0,low,51,0
18,0.258819045102521,-0.9659258262890682,1,8816.12,594,0,low,65,1
13,1.0,5.053215498074303e-16,0,644.56,287,0,low,86,1
13,1.0,5.053215498074303e-16,0,604.61,0,0,low,92,1
19,5.66553889764798e-16,-1.0,0,291.46,641,1,low,77,0
11,0.8660254037844385,0.5000000000000003,1,9781.58,293,0,low,78,1
14,0.9659258262890683,-0.25881904510252085,0,664.21,176,0,low,74,0
20,-0.2588190451025208,-0.9659258262890683,0,223.95,385,0,low,46,1
16,0.7071067811865479,-0.7071067811865471,1,15096.63,300,0,low,72,1
18,0.258819045102521,-0.9659258262890682,0,371.64,70,0,low,68,0
9,0.49999999999999983,0.8660254037844387,0,447.03,391,0,low,70,1
9,0.49999999999999983,0.8660254037844387,0,710.21,0,0,med,83,1
20,-0.2588190451025208,-0.9659258262890683,0,202.11,364,0,low,52,0
11,0.8660254037844385,0.5000000000000003,0,556.81,186,0,low,89,0
2,-0.9659258262890683,0.2588190451025205,0,24.17,726,0,low,28,0
9,0.49999999999999983,0.8660254037844387,1,8363.08,168,0,low,82,1
8,0.25881904510252046,0.9659258262890683,0,367.07,576,0,low,63,1
10,0.7071067811865476,0.7071067811865476,0,506.27,185,0,low,73,1
17,0.49999999999999994,-0.8660254037844387,0,444.58,364,1,low,80,1
11,0.8660254037844385,0.5000000000000003,1,16055.99,267,0,low,68,1
15,0.8660254037844387,-0.4999999999999998,0,557.46,3,0,low,80,1
14,0.9659258262890683,-0.25881904510252085,0,582.2,210,0,low,76,1
17,0.49999999999999994,-0.8660254037844387,0,453.98,39,0,low,92,1
16,0.7071067811865479,-0.7071067811865471,0,526.1,385,1,low,71,0
13,1.0,5.053215498074303e-16,0,792.25,98,0,med,80,1
14,0.9659258262890683,-0.25881904510252085,0,669.35,143,0,low,84,0
0,-0.9659258262890683,-0.25881904510252085,0,6.64,1132,0,low,40,0
8,0.25881904510252046,0.9659258262890683,0,381.45,332,0,med,71,0
16,0.7071067811865479,-0.7071067811865471,1,12559.36,374,1,low,74,1
18,0.258819045102521,-0.9659258262890682,0,381.25,169,0,low,71,1
10,0.7071067811865476,0.7071067811865476,0,573.51,69,0,low,76,0
18,0.258819045102521,-0.9659258262890682,0,391.54,523,1,low,72,0
9,0.49999999999999983,0.8660254037844387,0,493.37,164,0,low,68,0
12,0.9659258262890682,0.25881904510252096,0,590.19,13,0,low,90,1
18,0.258819045102521,-0.9659258262890682,0,364.28,696,0,low,63,0
13,1.0,5.053215498074303e-16,1,17640.97,0,0,low,84,1
12,0.9659258262890682,0.25881904510252096,0,586.04,443,0,low,100,1
9,0.49999999999999983,0.8660254037844387,0,541.98,46,0,low,70,0
21,-0.4999999999999997,-0.8660254037844388,0,161.37,897,0,low,49,0
13,1.0,5.053215498074303e-16,0,598.76,0,0,low,82,0
16,0.7071067811865479,-0.7071067811865471,0,519.99,473,0,low,71,1
15,0.8660254037844387,-0.4999999999999998,0,564.23,360,0,low,81,1
19,5.66553889764798e-16,-1.0,0,313.89,472,0,low,50,0
19,5.66553889764798e-16,-1.0,0,307.28,501,0,high,54,0
17,0.49999999999999994,-0.8660254037844387,0,471.68,140,0,low,78,0
22,-0.7071067811865471,-0.7071067811865479,0,101.07,595,0,med,46,0
11,0.8660254037844385,0.5000000000000003,0,607.41,272,0,med,77,1
10,0.7071067811865476,0.7071067811865476,0,508.45,226,0,low,75,1
17,0.49999999999999994,-0.8660254037844387,0,580.29,160,0,low,68,1
16,0.7071067811865479,-0.7071067811865471,1,12206.09,97,0,low,68,1
12,0.9659258262890682,0.25881904510252096,1,20188.53,293,0,med,89,1
12,0.9659258262890682,0.25881904510252096,1,13056.05,0,0,low,83,1
16,0.7071067811865479,-0.7071067811865471,0,518.86,0,0,low,74,0
13,1.0,5.053215498074303e-16,0,595.61,140,1,low,83,0
11,0.8660254037844385,0.5000000000000003,1,11356.52,0,0,low,82,1
9,0.49999999999999983,0.8660254037844387,0,439.84,352,0,low,71,0
8,0.25881904510252046,0.9659258262890683,0,492.06,421,0,low,62,0
8,0.25881904510252046,0.9659258262890683,0,384.21,233,0,low,60,0
11,0.8660254037844385,0.5000000000000003,0,545.62,142,0,low,81,0
16,0.7071067811865479,-0.7071067811865471,1,10776.33,201,0,low,78,1
16,0.7071067811865479,-0.7071067811865471,0,498.24,128,0,low,84,1
6,-0.2588190451025209,0.9659258262890682,1,1260.76,717,0,low,52,1
10,0.7071067811865476,0.7071067811865476,0,513.11,285,0,low,89,1
13,1.0,5.053215498074303e-16,0,612.89,127,0,low,87,0
6,-0.2588190451025209,0.9659258262890682,0,231.14,412,0,low,57,0
16,0.7071067811865479,-0.7071067811865471,0,514.2,416,0,low,77,1
14,0.9659258262890683,-0.25881904510252085,1,20664.83,351,0,low,80,1
8,0.25881904510252046,0.9659258262890683,0,366.94,480,0,low,59,0
18,0.258819045102521,-0.9659258262890682,1,10767.51,343,0,low,75,1
10,0.7071067811865476,0.7071067811865476,1,17478.89,55,0,low,66,1
16,0.7071067811865479,-0.7071067811865471,0,526.31,200,1,low,73,1
15,0.8660254037844387,-0.4999999999999998,0,577.02,103,0,low,71,1
22,-0.7071067811865471,-0.7071067811865479,0,85.82,989,0,low,57,0
14,0.9659258262890683,-0.25881904510252085,1,18242.61,0,0,low,74,1
12,0.9659258262890682,0.25881904510252096,0,685.0,274,0,low,79,1
12,0.9659258262890682,0.25881904510252096,1,11802.06,221,0,low,79,1
14,0.9659258262890683,-0.25881904510252085,1,18717.05,0,0,low,87,1
11,0.8660254037844385,0.5000000000000003,0,542.65,274,0,low,74,0
14,0.9659258262890683,-0.25881904510252085,0,661.62,0,0,low,80,0
14,0.9659258262890683,-0.25881904510252085,1,10263.12,176,0,low,92,1
17,0.49999999999999994,-0.8660254037844387,0,453.95,310,0,low,80,1
19,5.66553889764798e-16,-1.0,0,379.59,395,0,low,49,0
22,-0.7071067811865471,-0.7071067811865479,0,200.29,1094,0,low,42,0
12,0.9659258262890682,0.25881904510252096,0,589.23,296,0,low,87,1
12,0.9659258262890682,0.25881904510252096,0,589.52,0,0,low,90,0
17,0.49999999999999994,-0.8660254037844387,1,13860.68,277,0,low,75,1
10,0.7071067811865476,0.7071067811865476,1,11416.23,339,0,low,70,0
16,0.7071067811865479,-0.7071067811865471,0,499.04,434,0,low,75,1
10,0.7071067811865476,0.7071067811865476,0,528.58,450,0,low,75,1
9,0.49999999999999983,0.8660254037844387,0,639.04,481,0,low,81,1
16,0.7071067811865479,-0.7071067811865471,0,510.43,307,0,low,67,1
17,0.49999999999999994,-0.8660254037844387,0,456.67,367,0,low,92,1
14,0.9659258262890683,-0.25881904510252085,1,14494.9,122,0,low,86,1
10,0.7071067811865476,0.7071067811865476,0,501.4,316,0,low,75,0
11,0.8660254037844385,0.5000000000000003,0,552.96,270,0,low,78,1
7,0.0,1.0,0,303.26,345,0,low,59,0
12,0.9659258262890682,0.25881904510252096,0,627.0,0,0,med,69,1
8,0.25881904510252046,0.9659258262890683,0,381.49,431,0,low,74,0
9,0.49999999999999983,0.8660254037844387,0,424.6,253,0,low,58,1
16,0.7071067811865479,-0.7071067811865471,0,583.7,295,0,low,79,0
14,0.9659258262890683,-0.25881904510252085,1,9928.53,168,0,low,72,1
5,-0.5,0.8660254037844386,0,156.95,916,1,low,60,0
19,5.66553889764798e-16,-1.0,0,313.12,385,0,low,67,0
4,-0.7071067811865477,0.7071067811865474,0,84.52,580,0,low,40,0
22,-0.7071067811865471,-0.7071067811865479,0,1308.86,739,0,low,32,1
10,0.7071067811865476,0.7071067811865476,0,504.23,303,0,low,89,1
11,0.8660254037844385,0.5000000000000003,0,625.66,316,0,low,80,0
9,0.49999999999999983,0.8660254037844387,0,458.28,149,0,low,77,1
22,-0.7071067811865471,-0.7071067811865479,0,288.48,991,1,low,48,0
8,0.25881904510252046,0.9659258262890683,0,386.95,137,0,low,71,0
8,0.25881904510252046,0.9659258262890683,0,381.17,532,2,low,63,1
12,0.9659258262890682,0.25881904510252096,0,585.63,47,0,low,74,0
10,0.7071067811865476,0.7071067811865476,0,504.67,290,0,low,79,1
20,-0.2588190451025208,-0.9659258262890683,0,378.72,604,1,low,56,0
12,0.9659258262890682,0.25881904510252096,1,13803.74,42,0,low,78,1
11,0.8660254037844385,0.5000000000000003,0,625.87,237,0,low,79,1
10,0.7071067811865476,0.7071067811865476,0,502.71,284,0,low,88,1
10,0.7071067811865476,0.7071067811865476,0,493.29,249,0,low,78,1
11,0.8660254037844385,0.5000000000000003,0,542.78,166,0,low,84,0
13,1.0,5.053215498074303e-16,0,585.98,71,0,low,80,1
14,0.9659258262890683,-0.25881904510252085,0,583.44,0,0,low,87,0
8,0.25881904510252046,0.9659258262890683,0,380.12,198,1,low,78,0
12,0.9659258262890682,0.25881904510252096,0,594.69,356,0,med,75,1
10,0.7071067811865476,0.7071067811865476,0,520.97,165,0,low,65,0
7,0.0,1.0,0,326.74,538,0,low,64,1
10,0.7071067811865476,0.7071067811865476,0,523.39,216,0,low,85,0
6,-0.2588190451025209,0.9659258262890682,0,221.15,828,0,low,49,1
10,0.7071067811865476,0.7071067811865476,0,619.52,270,0,low,77,1
10,0.7071067811865476,0.7071067811865476,1,13676.39,70,0,low,81,1
15,0.8660254037844387,-0.4999999999999998,0,562.21,0,0,low,74,1
15,0.8660254037844387,-0.4999999999999998,1,12160.35,233,0,low,73,1
7,0.0,1.0,0,293.74,505,1,low,46,0
11,0.8660254037844385,0.5000000000000003,0,566.88,330,0,low,79,1
8,0.25881904510252046,0.9659258262890683,0,375.02,435,1,low,50,0
15,0.8660254037844387,-0.4999999999999998,1,18000.82,275,0,low,87,1
8,0.25881904510252046,0.9659258262890683,0,393.15,408,0,low,60,0
18,0.258819045102521,-0.9659258262890682,0,415.48,514,0,low,56,0
14,0.9659258262890683,-0.25881904510252085,0,603.18,78,0,low,77,1
2,-0.9659258262890683,0.2588190451025205,0,20.01,922,0,low,44,0
10,0.7071067811865476,0.7071067811865476,1,15923.0,506,0,low,73,1
18,0.258819045102521,-0.9659258262890682,1,9102.46,307,0,low,71,1
15,0.8660254037844387,-0.4999999999999998,0,563.81,48,0,low,75,0
13,1.0,5.053215498074303e-16,0,622.1,63,1,low,90,1
14,0.9659258262890683,-0.25881904510252085,0,580.77,217,0,low,79,1
14,0.9659258262890683,-0.25881904510252085,0,610.49,120,1,low,78,1
8,0.25881904510252046,0.9659258262890683,0,439.72,372,0,low,71,0
7,0.0,1.0,0,305.28,329,0,low,55,0
9,0.49999999999999983,0.8660254037844387,0,454.06,400,0,low,74,0
22,-0.7071067811865471,-0.7071067811865479,0,77.1,876,0,low,43,1
11,0.8660254037844385,0.5000000000000003,0,650.12,194,0,low,78,1
11,0.8660254037844385,0.5000000000000003,1,17508.74,61,0,low,81,1
6,-0.2588190451025209,0.9659258262890682,0,239.13,478,0,low,51,1
13,1.0,5.053215498074303e-16,1,13400.65,0,1,low,91,1
8,0.25881904510252046,0.9659258262890683,0,391.26,383,0,low,67,1
17,0.49999999999999994,-0.8660254037844387,0,483.17,373,0,low,87,1
17,0.49999999999999994,-0.8660254037844387,0,438.72,348,0,low,77,1
11,0.8660254037844385,0.5000000000000003,0,549.83,0,0,low,81,1
22,-0.7071067811865471,-0.7071067811865479,0,319.81,949,0,low,40,0
18,0.258819045102521,-0.9659258262890682,0,380.33,517,0,low,75,0
12,0.9659258262890682,0.25881904510252096,0,583.55,266,0,low,85,1
15,0.8660254037844387,-0.4999999999999998,1,9213.38,35,0,low,86,1
11,0.8660254037844385,0.5000000000000003,0,560.61,618,0,low,86,1
11,0.8660254037844385,0.5000000000000003,1,10486.47,151,0,low,82,1
8,0.25881904510252046,0.9659258262890683,0,395.31,296,0,low,64,1
19,5.66553889764798e-16,-1.0,0,356.17,375,0,low,59,0
9,0.49999999999999983,0.8660254037844387,1,8031.29,343,0,low,67,1
7,0.0,1.0,1,1534.27,1113,0,low,55,0
17,0.49999999999999994,-0.8660254037844387,0,448.66,513,0,low,80,0
15,0.8660254037844387,-0.4999999999999998,0,551.17,235,0,low,66,1
19,5.66553889764798e-16,-1.0,0,307.98,191,0,low,58,0
12,0.9659258262890682,0.25881904510252096,1,14942.69,376,0,low,84,1
10,0.7071067811865476,0.7071067811865476,0,511.83,143,0,low,65,1
18,0.258819045102521,-0.9659258262890682,0,362.27,630,0,low,51,0
10,0.7071067811865476,0.7071067811865476,0,508.22,562,0,low,65,1
9,0.49999999999999983,0.8660254037844387,0,516.48,0,0,low,78,0
12,0.9659258262890682,0.25881904510252096,0,605.56,25,1,low,74,1
9,0.49999999999999983,0.8660254037844387,0,453.18,269,0,low,72,0
22,-0.7071067811865471,-0.7071067811865479,0,194.66,991,0,med,49,0
16,0.7071067811865479,-0.7071067811865471,1,9856.9,430,0,low,85,1
1,-1.0,-1.6081226496766366e-16,0,23.3,851,0,low,41,0
13,1.0,5.053215498074303e-16,0,641.87,80,0,low,82,1
11,0.8660254037844385,0.5000000000000003,1,10458.48,207,0,low,80,1
11,0.8660254037844385,0.5000000000000003,0,552.07,0,0,low,71,1
5,-0.5,0.8660254037844386,0,162.97,893,0,low,38,0
20,-0.2588190451025208,-0.9659258262890683,0,225.1,683,0,med,35,1
10,0.7071067811865476,0.7071067811865476,1,17824.96,297,0,low,81,1
14,0.9659258262890683,-0.25881904510252085,1,16656.62,17,0,low,79,1
18,0.258819045102521,-0.9659258262890682,1,10366.86,530,0,low,63,1
12,0.9659258262890682,0.25881904510252096,0,582.1,16,0,low,90,0
14,0.9659258262890683,-0.25881904510252085,0,605.71,241,0,low,80,1
18,0.258819045102521,-0.9659258262890682,0,381.68,395,0,low,59,1
11,0.8660254037844385,0.5000000000000003,1,13963.92,0,0,low,87,1
16,0.7071067811865479,-0.7071067811865471,1,13430.55,237,0,high,68,1
1,-1.0,-1.6081226496766366e-16,0,28.83,784,0,low,24,0
15,0.8660254037844387,-0.4999999999999998,0,650.21,220,1,low,83,0
4,-0.7071067811865477,0.7071067811865474,0,108.81,551,0,low,44,0
11,0.8660254037844385,0.5000000000000003,0,560.1,365,0,low,79,1
17,0.49999999999999994,-0.8660254037844387,0,432.91,164,0,med,70,1
8,0.25881904510252046,0.9659258262890683,0,409.71,470,0,med,66,0
9,0.49999999999999983,0.8660254037844387,0,445.26,128,0,low,75,0
11,0.8660254037844385,0.5000000000000003,1,11683.62,0,0,low,75,1
23,-0.8660254037844388,-0.4999999999999996,0,88.98,1042,0,low,35,0
13,1.0,5.053215498074303e-16,0,588.62,133,0,low,75,1
10,0.7071067811865476,0.7071067811865476,0,514.57,216,0,low,75,0
11,0.8660254037844385,0.5000000000000003,1,10501.01,409,1,low,74,1
9,0.49999999999999983,0.8660254037844387,1,12083.67,443,0,low,82,1
8,0.25881904510252046,0.9659258262890683,0,377.83,475,0,low,66,0
10,0.7071067811865476,0.7071067811865476,0,822.86,0,0,med,68,1
16,0.7071067811865479,-0.7071067811865471,0,518.88,198,0,low,81,0
15,0.8660254037844387,-0.4999999999999998,1,15333.37,44,0,low,84,1
14,0.9659258262890683,-0.25881904510252085,1,19393.61,33,0,med,81,1
1,-1.0,-1.6081226496766366e-16,0,0.0,945,0,low,15,0
6,-0.2588190451025209,0.9659258262890682,0,295.71,329,0,med,52,0
15,0.8660254037844387,-0.4999999999999998,0,562.19,76,0,low,73,1
16,0.7071067811865479,-0.7071067811865471,1,16364.78,413,0,low,80,1
17,0.49999999999999994,-0.8660254037844387,0,446.73,279,0,low,85,0
10,0.7071067811865476,0.7071067811865476,0,507.67,347,0,low,72,0
6,-0.2588190451025209,0.9659258262890682,0,223.6,522,3,low,55,1
20,-0.2588190451025208,-0.9659258262890683,0,226.58,681,0,low,54,0
8,0.25881904510252046,0.9659258262890683,1,5931.75,495,0,low,72,1
